Code,name,class,beta,ratio
30720,동원수산,어업,0.56,0.6527 
7160,사조산업,어업,0.56,0.6527 
6040,동원산업,어업,0.56,0.6527 
4970,신라교역,어업,0.56,0.6527 
3580,넥스트사이언스,광업,1,0.5462 
280360,롯데제과,음식료품,0.63,0.3061 
271560,오리온,음식료품,0.63,0.3061 
6090,사조오양,음식료품,0.63,0.3061 
26490K,크라운제과우,음식료품,0.63,0.3061 
264900,크라운제과,음식료품,0.63,0.3061 
248170,샘표식품,음식료품,0.63,0.3061 
101530,해태제과식품,음식료품,0.63,0.3061 
14710,사조씨푸드,음식료품,0.63,0.3061 
145995,삼양사우,음식료품,0.63,0.3061 
145990,삼양사,음식료품,0.63,0.3061 
87,하이트진로2우B,음식료품,0.63,0.3061 
136490,선진,음식료품,0.63,0.3061 
33920,무학,음식료품,0.63,0.3061 
1799,대한제당3우B,음식료품,0.63,0.3061 
80,하이트진로,음식료품,0.63,0.3061 
11155,CJ씨푸드1우,음식료품,0.63,0.3061 
11150,CJ씨푸드,음식료품,0.63,0.3061 
97955,CJ제일제당 우,음식료품,0.63,0.3061 
97950,CJ제일제당,음식료품,0.63,0.3061 
79660,사조해표,음식료품,0.63,0.3061 
27740,마니커,음식료품,0.63,0.3061 
2600,조흥,음식료품,0.63,0.3061 
49770,동원F&B,음식료품,0.63,0.3061 
36580,팜스코,음식료품,0.63,0.3061 
23150,MH에탄올,음식료품,0.63,0.3061 
8040,사조동아원,음식료품,0.63,0.3061 
7310,오뚜기,음식료품,0.63,0.3061 
6980,우성사료,음식료품,0.63,0.3061 
5610,SPC삼립,음식료품,0.63,0.3061 
5305,롯데칠성우,음식료품,0.63,0.3061 
5300,롯데칠성,음식료품,0.63,0.3061 
5180,빙그레,음식료품,0.63,0.3061 
4415,서울식품우,음식료품,0.63,0.3061 
4410,서울식품,음식료품,0.63,0.3061 
4370,농심,음식료품,0.63,0.3061 
3960,사조대림,음식료품,0.63,0.3061 
3925,남양유업우,음식료품,0.63,0.3061 
3920,남양유업,음식료품,0.63,0.3061 
3680,한성기업,음식료품,0.63,0.3061 
3230,삼양식품,음식료품,0.63,0.3061 
2270,롯데푸드,음식료품,0.63,0.3061 
2140,고려산업,음식료품,0.63,0.3061 
1795,대한제당우,음식료품,0.63,0.3061 
1790,대한제당,음식료품,0.63,0.3061 
1685,대상우,음식료품,0.63,0.3061 
1680,대상,음식료품,0.63,0.3061 
1130,대한제분,음식료품,0.63,0.3061 
890,보해양조,음식료품,0.63,0.3061 
111110,호전실업,섬유의복,0.89,0.1209 
93240,형지엘리트,섬유의복,0.89,0.1209 
105630,한세실업,섬유의복,0.89,0.1209 
102280,쌍방울,섬유의복,0.89,0.1209 
90370,메타랩스,섬유의복,0.89,0.1209 
93050,LF,섬유의복,0.89,0.1209 
84870,TBH글로벌,섬유의복,0.89,0.1209 
7980,태평양물산,섬유의복,0.89,0.1209 
7700,F&F,섬유의복,0.89,0.1209 
20000,한섬,섬유의복,0.89,0.1209 
16090,대현,섬유의복,0.89,0.1209 
14990,인디에프,섬유의복,0.89,0.1209 
11300,성안,섬유의복,0.89,0.1209 
9275,신원우,섬유의복,0.89,0.1209 
9270,신원,섬유의복,0.89,0.1209 
8500,일정실업,섬유의복,0.89,0.1209 
5820,원림,섬유의복,0.89,0.1209 
5800,신영와코루,섬유의복,0.89,0.1209 
3610,방림,섬유의복,0.89,0.1209 
3200,일신방직,섬유의복,0.89,0.1209 
2070,남영비비안,섬유의복,0.89,0.1209 
1530,동일방직,섬유의복,0.89,0.1209 
1465,BYC우,섬유의복,0.89,0.1209 
1460,BYC,섬유의복,0.89,0.1209 
1070,대한방직,섬유의복,0.89,0.1209 
950,전방,섬유의복,0.89,0.1209 
50,경방,섬유의복,0.89,0.1209 
213500,한솔제지,종이목재,0.71,0.6155 
109070,컨버즈,종이목재,0.71,0.6155 
9770,삼정펄프,종이목재,0.71,0.6155 
25750,한솔홈데코,종이목재,0.71,0.6155 
27970,세하,종이목재,0.71,0.6155 
16590,신대양제지,종이목재,0.71,0.6155 
14160,대영포장,종이목재,0.71,0.6155 
12690,모나리자,종이목재,0.71,0.6155 
11280,태림포장,종이목재,0.71,0.6155 
9580,무림P&P,종이목재,0.71,0.6155 
9460,한창제지,종이목재,0.71,0.6155 
9200,무림페이퍼,종이목재,0.71,0.6155 
8250,이건산업,종이목재,0.71,0.6155 
6740,영풍제지,종이목재,0.71,0.6155 
4545,깨끗한나라우,종이목재,0.71,0.6155 
4540,깨끗한나라,종이목재,0.71,0.6155 
2870,신풍제지,종이목재,0.71,0.6155 
2820,선창산업,종이목재,0.71,0.6155 
2310,아세아제지,종이목재,0.71,0.6155 
2300,한국제지,종이목재,0.71,0.6155 
2200,수출포장,종이목재,0.71,0.6155 
1020,페이퍼코리아,종이목재,0.71,0.6155 
298050,효성첨단소재,화학,0.9,0.3500 
298020,효성티앤씨,화학,0.9,0.3500 
298000,효성화학,화학,0.9,0.3500 
226320,잇츠한불,화학,0.9,0.3500 
18250,애경산업,화학,0.9,0.3500 
28513K,SK케미칼우,화학,0.9,0.3500 
285130,SK케미칼,화학,0.9,0.3500 
282690,동아타이어,화학,0.9,0.3500 
272550,삼양패키징,화학,0.9,0.3500 
55490,테이팩스,화학,0.9,0.3500 
268280,미원에스씨,화학,0.9,0.3500 
25620,제이준코스메틱,화학,0.9,0.3500 
00088K,한화3우B,화학,0.9,0.3500 
214420,토니모리,화학,0.9,0.3500 
192820,코스맥스,화학,0.9,0.3500 
14825,동원시스템즈우,화학,0.9,0.3500 
14820,동원시스템즈,화학,0.9,0.3500 
163560,동일고무벨트,화학,0.9,0.3500 
161890,한국콜마,화학,0.9,0.3500 
161390,한국타이어,화학,0.9,0.3500 
161000,애경유화,화학,0.9,0.3500 
144620,코오롱머티리얼,화학,0.9,0.3500 
79980,휴비스,화학,0.9,0.3500 
78520,에이블씨엔씨,화학,0.9,0.3500 
138490,코오롱플라스틱,화학,0.9,0.3500 
134380,미원화학,화학,0.9,0.3500 
120115,코오롱인더우,화학,0.9,0.3500 
120110,코오롱인더,화학,0.9,0.3500 
115390,락앤락,화학,0.9,0.3500 
108675,LG하우시스우,화학,0.9,0.3500 
108670,LG하우시스,화학,0.9,0.3500 
93370,후성,화학,0.9,0.3500 
89470,HDC현대EP,화학,0.9,0.3500 
90355,노루페인트우,화학,0.9,0.3500 
90350,노루페인트,화학,0.9,0.3500 
90435,아모레퍼시픽우,화학,0.9,0.3500 
90430,아모레퍼시픽,화학,0.9,0.3500 
83420,그린케미칼,화학,0.9,0.3500 
73240,금호타이어,화학,0.9,0.3500 
81000,일진다이아,화학,0.9,0.3500 
14830,유니드,화학,0.9,0.3500 
6890,태경화학,화학,0.9,0.3500 
11500,한농화성,화학,0.9,0.3500 
69260,휴켐스,화학,0.9,0.3500 
51915,LG화학우,화학,0.9,0.3500 
51910,LG화학,화학,0.9,0.3500 
51905,LG생활건강우,화학,0.9,0.3500 
51900,LG생활건강,화학,0.9,0.3500 
51630,진양화학,화학,0.9,0.3500 
35150,백산,화학,0.9,0.3500 
25860,남해화학,화학,0.9,0.3500 
25000,KPX케미칼,화학,0.9,0.3500 
24890,대원화성,화학,0.9,0.3500 
24070,WISCOM,화학,0.9,0.3500 
23450,동남합성,화학,0.9,0.3500 
15890,태경산업,화학,0.9,0.3500 
14680,한솔케미칼,화학,0.9,0.3500 
14530,극동유화,화학,0.9,0.3500 
14440,영보화학,화학,0.9,0.3500 
12610,경인양행,화학,0.9,0.3500 
11790,SKC,화학,0.9,0.3500 
11785,금호석유우,화학,0.9,0.3500 
11780,금호석유,화학,0.9,0.3500 
11170,롯데케미칼,화학,0.9,0.3500 
10955,S-Oil우,화학,0.9,0.3500 
10950,S-Oil,화학,0.9,0.3500 
10640,진양폴리,화학,0.9,0.3500 
10060,OCI,화학,0.9,0.3500 
9835,한화케미칼우,화학,0.9,0.3500 
9830,한화케미칼,화학,0.9,0.3500 
8730,율촌화학,화학,0.9,0.3500 
8490,서흥,화학,0.9,0.3500 
7690,국도화학,화학,0.9,0.3500 
7590,동방아그로,화학,0.9,0.3500 
6650,대한유화,화학,0.9,0.3500 
6380,카프로,화학,0.9,0.3500 
6060,화승인더,화학,0.9,0.3500 
5950,이수화학,화학,0.9,0.3500 
5420,코스모화학,화학,0.9,0.3500 
5190,동성화학,화학,0.9,0.3500 
5070,코스모신소재,화학,0.9,0.3500 
4910,조광페인트,화학,0.9,0.3500 
4835,덕성우,화학,0.9,0.3500 
4830,덕성,화학,0.9,0.3500 
4800,효성,화학,0.9,0.3500 
4430,송원산업,화학,0.9,0.3500 
4255,NPC우,화학,0.9,0.3500 
4250,NPC,화학,0.9,0.3500 
4000,롯데정밀화학,화학,0.9,0.3500 
3830,대한화섬,화학,0.9,0.3500 
3780,진양산업,화학,0.9,0.3500 
3720,삼영화학,화학,0.9,0.3500 
3650,미창석유,화학,0.9,0.3500 
3350,한국화장품제조,화학,0.9,0.3500 
3240,태광산업,화학,0.9,0.3500 
3080,성보화학,화학,0.9,0.3500 
2960,한국쉘석유,화학,0.9,0.3500 
2840,미원상사,화학,0.9,0.3500 
2760,보락,화학,0.9,0.3500 
2380,KCC,화학,0.9,0.3500 
2360,SH에너지화학,화학,0.9,0.3500 
2355,넥센타이어1우B,화학,0.9,0.3500 
2350,넥센타이어,화학,0.9,0.3500 
2100,경농,화학,0.9,0.3500 
1570,금양,화학,0.9,0.3500 
1550,조비,화학,0.9,0.3500 
1390,KG케미칼,화학,0.9,0.3500 
1340,백광산업,화학,0.9,0.3500 
885,한화우,화학,0.9,0.3500 
880,한화,화학,0.9,0.3500 
860,강남제비스코,화학,0.9,0.3500 
390,삼화페인트,화학,0.9,0.3500 
293480,하나제약,의약품,1.13,0.2300 
68270,셀트리온,의약품,1.13,0.2300 
271980,제일약품,의약품,1.13,0.2300 
11000,진원생명과학,의약품,1.13,0.2300 
207940,삼성바이오로직스,의약품,1.13,0.2300 
234080,JW생명과학,의약품,1.13,0.2300 
249420,일동제약,의약품,1.13,0.2300 
214390,경보제약,의약품,1.13,0.2300 
185750,종근당,의약품,1.13,0.2300 
170900,동아에스티,의약품,1.13,0.2300 
5690,파미셀,의약품,1.13,0.2300 
128940,한미약품,의약품,1.13,0.2300 
102460,이연제약,의약품,1.13,0.2300 
17180,명문제약,의약품,1.13,0.2300 
33270,유나이티드제약,의약품,1.13,0.2300 
2630,오리엔트바이오,의약품,1.13,0.2300 
69620,대웅제약,의약품,1.13,0.2300 
63160,종근당바이오,의약품,1.13,0.2300 
19175,신풍제약우,의약품,1.13,0.2300 
19170,신풍제약,의약품,1.13,0.2300 
16580,환인제약,의약품,1.13,0.2300 
9420,한올바이오파마,의약품,1.13,0.2300 
9290,광동제약,의약품,1.13,0.2300 
7575,일양약품우,의약품,1.13,0.2300 
7570,일양약품,의약품,1.13,0.2300 
6280,녹십자,의약품,1.13,0.2300 
5500,삼진제약,의약품,1.13,0.2300 
4720,우리들제약,의약품,1.13,0.2300 
4310,현대약품,의약품,1.13,0.2300 
3850,보령제약,의약품,1.13,0.2300 
3520,영진약품,의약품,1.13,0.2300 
3220,대원제약,의약품,1.13,0.2300 
3120,일성신약,의약품,1.13,0.2300 
3060,에이프로젠제약,의약품,1.13,0.2300 
3000,부광약품,의약품,1.13,0.2300 
2720,국제약품,의약품,1.13,0.2300 
2390,한독,의약품,1.13,0.2300 
2250,알보젠코리아,의약품,1.13,0.2300 
2210,동성제약,의약품,1.13,0.2300 
1360,삼성제약,의약품,1.13,0.2300 
1067,JW중외제약2우B,의약품,1.13,0.2300 
1065,JW중외제약우,의약품,1.13,0.2300 
1060,JW중외제약,의약품,1.13,0.2300 
520,삼일제약,의약품,1.13,0.2300 
227,유유제약2우B,의약품,1.13,0.2300 
225,유유제약1우,의약품,1.13,0.2300 
220,유유제약,의약품,1.13,0.2300 
105,유한양행우,의약품,1.13,0.2300 
100,유한양행,의약품,1.13,0.2300 
20,동화약품,의약품,1.13,0.2300 
300720,한일시멘트,비금속광물,1,0.5500 
4440,대림씨엔에스,비금속광물,1,0.5500 
152330,코리아오토글라스,비금속광물,1,0.5500 
183190,아세아시멘트,비금속광물,1,0.5500 
47400,유니온머티리얼,비금속광물,1,0.5500 
1529,동양3우B,비금속광물,1,0.5500 
1560,제일연마,비금속광물,1,0.5500 
1527,동양2우B,비금속광물,1,0.5500 
1525,동양우,비금속광물,1,0.5500 
1520,동양,비금속광물,1,0.5500 
4989,성신양회3우B,비금속광물,1,0.5500 
14580,백광소재,비금속광물,1,0.5500 
11390,부산산업,비금속광물,1,0.5500 
10780,아이에스동서,비금속광물,1,0.5500 
10040,한국내화,비금속광물,1,0.5500 
8870,금비,비금속광물,1,0.5500 
7210,벽산,비금속광물,1,0.5500 
6390,한일현대시멘트,비금속광물,1,0.5500 
5750,대림B&Co,비금속광물,1,0.5500 
5090,삼광글라스,비금속광물,1,0.5500 
4987,성신양회2우B,비금속광물,1,0.5500 
4985,성신양회우,비금속광물,1,0.5500 
4980,성신양회,비금속광물,1,0.5500 
4090,한국석유,비금속광물,1,0.5500 
3415,쌍용양회우,비금속광물,1,0.5500 
3410,쌍용양회,비금속광물,1,0.5500 
910,유니온,비금속광물,1,0.5500 
480,조선내화,비금속광물,1,0.5500 
306200,세아제강,철강금속,1.12,0.4290 
155660,DSR,철강금속,1.12,0.4290 
2690,동일제강,철강금속,1.12,0.4290 
133820,화인베스틸,철강금속,1.12,0.4290 
19440,세아특수강,철강금속,1.12,0.4290 
12160,영흥철강,철강금속,1.12,0.4290 
32560,황금에스티,철강금속,1.12,0.4290 
26940,부국철강,철강금속,1.12,0.4290 
104700,한국철강,철강금속,1.12,0.4290 
103140,풍산,철강금속,1.12,0.4290 
1780,알루코,철강금속,1.12,0.4290 
84010,대한제강,철강금속,1.12,0.4290 
4890,동일산업,철강금속,1.12,0.4290 
71090,하이스틸,철강금속,1.12,0.4290 
69730,DSR제강,철강금속,1.12,0.4290 
69460,대호에이엘,철강금속,1.12,0.4290 
58430,포스코강판,철강금속,1.12,0.4290 
14285,금강공업우,철강금속,1.12,0.4290 
14280,금강공업,철강금속,1.12,0.4290 
25820,이구산업,철강금속,1.12,0.4290 
24090,디씨엠,철강금속,1.12,0.4290 
21050,서원,철강금속,1.12,0.4290 
18470,조일알미늄,철강금속,1.12,0.4290 
16385,동부제철우,철강금속,1.12,0.4290 
16380,동부제철,철강금속,1.12,0.4290 
12800,대창,철강금속,1.12,0.4290 
10130,고려아연,철강금속,1.12,0.4290 
9190,대양금속,철강금속,1.12,0.4290 
8970,동양철관,철강금속,1.12,0.4290 
8420,문배철강,철강금속,1.12,0.4290 
8355,남선알미우,철강금속,1.12,0.4290 
8350,남선알미늄,철강금속,1.12,0.4290 
8260,NI스틸,철강금속,1.12,0.4290 
7280,한국특수형강,철강금속,1.12,0.4290 
6110,삼아알미늄,철강금속,1.12,0.4290 
5490,POSCO,철강금속,1.12,0.4290 
5010,휴스틸,철강금속,1.12,0.4290 
4565,현대비앤지스틸우,철강금속,1.12,0.4290 
4560,현대비앤지스틸,철강금속,1.12,0.4290 
4020,현대제철,철강금속,1.12,0.4290 
2710,TCC동양,철강금속,1.12,0.4290 
2240,고려제강,철강금속,1.12,0.4290 
2220,한일철강,철강금속,1.12,0.4290 
1770,신화실업,철강금속,1.12,0.4290 
1430,세아베스틸,철강금속,1.12,0.4290 
1230,동국제강,철강금속,1.12,0.4290 
1080,만호제강,철강금속,1.12,0.4290 
970,한국주철관,철강금속,1.12,0.4290 
670,영풍,철강금속,1.12,0.4290 
267270,현대건설기계,기계,1.02,0.2429 
79550,LIG넥스원,기계,1.02,0.2429 
145210,세화아이엠씨,기계,1.02,0.2429 
210540,디와이파워,기계,1.02,0.2429 
112610,씨에스윈드,기계,1.02,0.2429 
82740,HSD엔진,기계,1.02,0.2429 
120030,조선선재,기계,1.02,0.2429 
119650,KC코트렐,기계,1.02,0.2429 
71970,STX중공업,기계,1.02,0.2429 
12600,청호컴넷,기계,1.02,0.2429 
100840,S&TC,기계,1.02,0.2429 
85310,엔케이,기계,1.02,0.2429 
92440,기신정기,기계,1.02,0.2429 
91090,세원셀론텍,기계,1.02,0.2429 
49800,우진플라임,기계,1.02,0.2429 
17960,한국카본,기계,1.02,0.2429 
42700,한미반도체,기계,1.02,0.2429 
58730,다스코,기계,1.02,0.2429 
77970,STX엔진,기계,1.02,0.2429 
10820,퍼스텍,기계,1.02,0.2429 
74610,나노메딕스,기계,1.02,0.2429 
17370,우신시스템,기계,1.02,0.2429 
42670,두산인프라코어,기계,1.02,0.2429 
34020,두산중공업,기계,1.02,0.2429 
25890,한국주강,기계,1.02,0.2429 
18880,한온시스템,기계,1.02,0.2429 
17800,현대엘리베이,기계,1.02,0.2429 
17550,수산중공업,기계,1.02,0.2429 
15590,큐로,기계,1.02,0.2429 
12205,계양전기우,기계,1.02,0.2429 
12200,계양전기,기계,1.02,0.2429 
11700,한신기계,기계,1.02,0.2429 
10660,화천기계,기계,1.02,0.2429 
9310,참엔지니어링,기계,1.02,0.2429 
9160,SIMPAC,기계,1.02,0.2429 
7460,에이프로젠 KIC,기계,1.02,0.2429 
6570,대림통상,기계,1.02,0.2429 
4450,삼화왕관,기계,1.02,0.2429 
4380,삼익THK,기계,1.02,0.2429 
2900,동양물산,기계,1.02,0.2429 
850,화천기공,기계,1.02,0.2429 
490,대동공업,기계,1.02,0.2429 
192650,드림텍,전기전자,1.1,0.3000 
00806K,대덕전자1우,전기전자,1.1,0.3000 
298040,효성중공업,전기전자,1.1,0.3000 
7340,디티알오토모티브,전기전자,1.1,0.3000 
300,대유플러스,전기전자,1.1,0.3000 
267260,현대일렉트릭,전기전자,1.1,0.3000 
4870,티웨이홀딩스,전기전자,1.1,0.3000 
195870,해성디에스,전기전자,1.1,0.3000 
00781K,코리아써키트2우B,전기전자,1.1,0.3000 
20150,일진머티리얼즈,전기전자,1.1,0.3000 
103130,웅진에너지,전기전자,1.1,0.3000 
995,DB하이텍1우,전기전자,1.1,0.3000 
990,DB하이텍,전기전자,1.1,0.3000 
11930,신성이엔지,전기전자,1.1,0.3000 
103590,일진전기,전기전자,1.1,0.3000 
11070,LG이노텍,전기전자,1.1,0.3000 
9450,경동나비엔,전기전자,1.1,0.3000 
44380,주연테크,전기전자,1.1,0.3000 
92220,KEC,전기전자,1.1,0.3000 
20760,일진디스플,전기전자,1.1,0.3000 
34220,LG디스플레이,전기전자,1.1,0.3000 
7660,이수페타시스,전기전자,1.1,0.3000 
66575,LG전자우,전기전자,1.1,0.3000 
66570,LG전자,전기전자,1.1,0.3000 
33180,필룩스,전기전자,1.1,0.3000 
33240,자화전자,전기전자,1.1,0.3000 
29530,신도리코,전기전자,1.1,0.3000 
26890,디피씨,전기전자,1.1,0.3000 
25540,한국단자,전기전자,1.1,0.3000 
19490,하이트론,전기전자,1.1,0.3000 
19180,티에이치엔,전기전자,1.1,0.3000 
17900,광전자,전기전자,1.1,0.3000 
17040,광명전기,전기전자,1.1,0.3000 
15260,에이엔피,전기전자,1.1,0.3000 
14915,성문전자우,전기전자,1.1,0.3000 
14910,성문전자,전기전자,1.1,0.3000 
11690,유양디앤유,전기전자,1.1,0.3000 
11230,삼화전자,전기전자,1.1,0.3000 
10120,LS산전,전기전자,1.1,0.3000 
9470,삼화전기,전기전자,1.1,0.3000 
9155,삼성전기우,전기전자,1.1,0.3000 
9150,삼성전기,전기전자,1.1,0.3000 
9140,경인전자,전기전자,1.1,0.3000 
8700,아남전자,전기전자,1.1,0.3000 
8110,대동전자,전기전자,1.1,0.3000 
8060,대덕전자,전기전자,1.1,0.3000 
7815,코리아써우,전기전자,1.1,0.3000 
7810,코리아써키트,전기전자,1.1,0.3000 
7630,폴루스바이오팜,전기전자,1.1,0.3000 
7610,선도전기,전기전자,1.1,0.3000 
6405,삼성SDI우,전기전자,1.1,0.3000 
6400,삼성SDI,전기전자,1.1,0.3000 
6345,대원전선우,전기전자,1.1,0.3000 
6340,대원전선,전기전자,1.1,0.3000 
5935,삼성전자우,전기전자,1.1,0.3000 
5930,삼성전자,전기전자,1.1,0.3000 
5870,휴니드,전기전자,1.1,0.3000 
5680,삼영전자,전기전자,1.1,0.3000 
4770,써니전자,전기전자,1.1,0.3000 
4710,한솔테크닉스,전기전자,1.1,0.3000 
4490,세방전지,전기전자,1.1,0.3000 
1820,삼화콘덴서,전기전자,1.1,0.3000 
1440,대한전선,전기전자,1.1,0.3000 
1210,금호전기,전기전자,1.1,0.3000 
660,SK하이닉스,전기전자,1.1,0.3000 
500,가온전선,전기전자,1.1,0.3000 
281820,케이씨텍,의료정밀,1.1,0.1455 
145720,덴티움,의료정밀,1.1,0.1455 
105840,우진,의료정밀,1.1,0.1455 
29460,케이씨,의료정밀,1.1,0.1455 
25560,미래산업,의료정밀,1.1,0.1455 
3160,디아이,의료정밀,1.1,0.1455 
92780,동양피스톤,운수장비,0.73,0.5975 
143210,핸즈코퍼레이션,운수장비,0.73,0.5975 
16740,두올,운수장비,0.73,0.5975 
12450,한화에어로스페이스,운수장비,0.73,0.5975 
75580,세진중공업,운수장비,0.73,0.5975 
214330,금호에이치티,운수장비,0.73,0.5975 
9320,대우부품,운수장비,0.73,0.5975 
1380,SG충방,운수장비,0.73,0.5975 
204320,만도,운수장비,0.73,0.5975 
200880,서연이화,운수장비,0.73,0.5975 
64350,현대로템,운수장비,0.73,0.5975 
13870,지엠비코리아,운수장비,0.73,0.5975 
23000,삼원강재,운수장비,0.73,0.5975 
47810,한국항공우주,운수장비,0.73,0.5975 
11210,현대위아,운수장비,0.73,0.5975 
123700,SJM,운수장비,0.73,0.5975 
92200,디아이씨,운수장비,0.73,0.5975 
1420,태원물산,운수장비,0.73,0.5975 
90080,평화산업,운수장비,0.73,0.5975 
75180,새론오토모티브,운수장비,0.73,0.5975 
13520,화승알앤에이,운수장비,0.73,0.5975 
2880,대유에이텍,운수장비,0.73,0.5975 
41650,상신브레이크,운수장비,0.73,0.5975 
23810,인팩,운수장비,0.73,0.5975 
33530,세종공업,운수장비,0.73,0.5975 
64960,S&T모티브,운수장비,0.73,0.5975 
42660,대우조선해양,운수장비,0.73,0.5975 
33250,체시스,운수장비,0.73,0.5975 
24900,덕양산업,운수장비,0.73,0.5975 
23800,인지컨트롤스,운수장비,0.73,0.5975 
21820,세원정공,운수장비,0.73,0.5975 
18500,동원금속,운수장비,0.73,0.5975 
15230,대창단조,운수장비,0.73,0.5975 
12330,현대모비스,운수장비,0.73,0.5975 
12280,영화금속,운수장비,0.73,0.5975 
10690,화신,운수장비,0.73,0.5975 
10620,현대미포조선,운수장비,0.73,0.5975 
10580,지코,운수장비,0.73,0.5975 
10145,삼성중공우,운수장비,0.73,0.5975 
10140,삼성중공업,운수장비,0.73,0.5975 
10100,한국프랜지,운수장비,0.73,0.5975 
9680,모토닉,운수장비,0.73,0.5975 
9540,현대중공업,운수장비,0.73,0.5975 
6660,삼성공조,운수장비,0.73,0.5975 
5850,에스엘,운수장비,0.73,0.5975 
5389,현대차3우B,운수장비,0.73,0.5975 
5387,현대차2우B,운수장비,0.73,0.5975 
5385,현대차우,운수장비,0.73,0.5975 
5380,현대차,운수장비,0.73,0.5975 
5030,부산주공,운수장비,0.73,0.5975 
4105,태양금속우,운수장비,0.73,0.5975 
4100,태양금속,운수장비,0.73,0.5975 
3620,쌍용차,운수장비,0.73,0.5975 
3570,S&T중공업,운수장비,0.73,0.5975 
2920,유성기업,운수장비,0.73,0.5975 
1620,동국실업,운수장비,0.73,0.5975 
430,대원강업,운수장비,0.73,0.5975 
270,기아차,운수장비,0.73,0.5975 
40,KR모터스,운수장비,0.73,0.5975 
37270,YG PLUS,기타제조,0.69,0.8042 
4920,씨아이테크,기타제조,0.69,0.8042 
194370,제이에스코퍼레이션,기타제조,0.69,0.8042 
71950,코아스,기타제조,0.69,0.8042 
134790,시디즈,기타제조,0.69,0.8042 
2170,삼양통상,기타제조,0.69,0.8042 
79430,현대리바트,기타제조,0.69,0.8042 
33780,KT&G,기타제조,0.69,0.8042 
16800,퍼시스,기타제조,0.69,0.8042 
11330,유니켐,기타제조,0.69,0.8042 
11090,에넥스,기타제조,0.69,0.8042 
4700,조광피혁,기타제조,0.69,0.8042 
2450,삼익악기,기타제조,0.69,0.8042 
282330,BGF리테일,유통업,0.7,0.5000 
26960,동서,유통업,0.7,0.5000 
93230,이아이디,유통업,0.7,0.5000 
227840,현대코퍼레이션홀딩스,유통업,0.7,0.5000 
02826K,삼성물산우B,유통업,0.7,0.5000 
28260,삼성물산,유통업,0.7,0.5000 
138250,엔에스쇼핑,유통업,0.7,0.5000 
69640,한세엠케이,유통업,0.7,0.5000 
12170,키위미디어그룹,유통업,0.7,0.5000 
7110,일신석재,유통업,0.7,0.5000 
10420,한솔PNS,유통업,0.7,0.5000 
7070,GS리테일,유통업,0.7,0.5000 
31430,신세계인터내셔날,유통업,0.7,0.5000 
71840,롯데하이마트,유통업,0.7,0.5000 
139480,이마트,유통업,0.7,0.5000 
88790,진도,유통업,0.7,0.5000 
2700,신일산업,유통업,0.7,0.5000 
81660,휠라코리아,유통업,0.7,0.5000 
57050,현대홈쇼핑,유통업,0.7,0.5000 
128820,대성산업,유통업,0.7,0.5000 
122900,아이마켓코리아,유통업,0.7,0.5000 
123690,한국화장품,유통업,0.7,0.5000 
118000,우리들휴브레인,유통업,0.7,0.5000 
111770,영원무역,유통업,0.7,0.5000 
5110,한창,유통업,0.7,0.5000 
101140,아티스,유통업,0.7,0.5000 
23530,롯데쇼핑,유통업,0.7,0.5000 
10600,웰바이오텍,유통업,0.7,0.5000 
77500,유니퀘스트,유통업,0.7,0.5000 
760,이화산업,유통업,0.7,0.5000 
11810,STX,유통업,0.7,0.5000 
9240,한샘,유통업,0.7,0.5000 
5360,모나미,유통업,0.7,0.5000 
69960,현대백화점,유통업,0.7,0.5000 
67830,세이브존I&C,유통업,0.7,0.5000 
8775,호텔신라우,유통업,0.7,0.5000 
8770,호텔신라,유통업,0.7,0.5000 
4080,신흥,유통업,0.7,0.5000 
37710,광주신세계,유통업,0.7,0.5000 
9810,엔케이물산,유통업,0.7,0.5000 
47050,포스코인터내셔널,유통업,0.7,0.5000 
27390,한화갤러리아타임월드,유통업,0.7,0.5000 
18670,SK가스,유통업,0.7,0.5000 
17940,E1,유통업,0.7,0.5000 
13000,세우글로벌,유통업,0.7,0.5000 
11760,현대상사,유통업,0.7,0.5000 
8600,윌비스,유통업,0.7,0.5000 
6370,대구백화점,유통업,0.7,0.5000 
5440,현대그린푸드,유통업,0.7,0.5000 
5390,신성통상,유통업,0.7,0.5000 
5320,국동,유통업,0.7,0.5000 
4270,남성,유통업,0.7,0.5000 
4170,신세계,유통업,0.7,0.5000 
4060,SG세계물산,유통업,0.7,0.5000 
3010,혜인,유통업,0.7,0.5000 
2810,삼영무역,유통업,0.7,0.5000 
1745,SK네트웍스우,유통업,0.7,0.5000 
1740,SK네트웍스,유통업,0.7,0.5000 
1250,GS글로벌,유통업,0.7,0.5000 
1120,LG상사,유통업,0.7,0.5000 
680,LS네트웍스,유통업,0.7,0.5000 
267290,경동도시가스,전기가스업,1.02,0.4000 
117580,대성에너지,전기가스업,1.02,0.4000 
71320,지역난방공사,전기가스업,1.02,0.4000 
34590,인천도시가스,전기가스업,1.02,0.4000 
36460,한국가스공사,전기가스업,1.02,0.4000 
17390,서울가스,전기가스업,1.02,0.4000 
15760,한국전력,전기가스업,1.02,0.4000 
15350,부산가스,전기가스업,1.02,0.4000 
4690,삼천리,전기가스업,1.02,0.4000 
10400,우진아이엔에스,건설업,0.81,0.5400 
294870,HDC현대산업개발,건설업,0.81,0.5400 
39570,HDC아이콘트롤스,건설업,0.81,0.5400 
97230,한진중공업,건설업,0.81,0.5400 
23960,에쓰씨엔지니어링,건설업,0.81,0.5400 
28100,동아지질,건설업,0.81,0.5400 
2460,화성산업,건설업,0.81,0.5400 
51600,한전KPS,건설업,0.81,0.5400 
2787,진흥기업2우B,건설업,0.81,0.5400 
10960,삼호개발,건설업,0.81,0.5400 
2995,금호산업우,건설업,0.81,0.5400 
2990,금호산업,건설업,0.81,0.5400 
2785,진흥기업우B,건설업,0.81,0.5400 
34300,신세계건설,건설업,0.81,0.5400 
47040,대우건설,건설업,0.81,0.5400 
14790,한라,건설업,0.81,0.5400 
13700,까뮤이앤씨,건설업,0.81,0.5400 
13580,계룡건설,건설업,0.81,0.5400 
13360,일성건설,건설업,0.81,0.5400 
11160,두산건설,건설업,0.81,0.5400 
9415,태영건설우,건설업,0.81,0.5400 
9410,태영건설,건설업,0.81,0.5400 
6360,GS건설,건설업,0.81,0.5400 
5965,동부건설우,건설업,0.81,0.5400 
5960,동부건설,건설업,0.81,0.5400 
5450,신한,건설업,0.81,0.5400 
4960,한신공영,건설업,0.81,0.5400 
4200,고려개발,건설업,0.81,0.5400 
3075,코오롱글로벌우,건설업,0.81,0.5400 
3070,코오롱글로벌,건설업,0.81,0.5400 
2780,진흥기업,건설업,0.81,0.5400 
2410,범양건영,건설업,0.81,0.5400 
1880,삼호,건설업,0.81,0.5400 
1470,삼부토건,건설업,0.81,0.5400 
1260,남광토건,건설업,0.81,0.5400 
725,현대건설우,건설업,0.81,0.5400 
720,현대건설,건설업,0.81,0.5400 
215,대림산업우,건설업,0.81,0.5400 
210,대림산업,건설업,0.81,0.5400 
298690,에어부산,운수창고업,0.55,0.9400 
91810,티웨이항공,운수창고업,0.55,0.9400 
272450,진에어,운수창고업,0.55,0.9400 
89590,제주항공,운수창고업,0.55,0.9400 
129260,인터지스,운수창고업,0.55,0.9400 
20560,아시아나항공,운수창고업,0.55,0.9400 
44450,KSS해운,운수창고업,0.55,0.9400 
28670,팬오션,운수창고업,0.55,0.9400 
86280,현대글로비스,운수창고업,0.55,0.9400 
84670,동양고속,운수창고업,0.55,0.9400 
14130,한익스프레스,운수창고업,0.55,0.9400 
11200,현대상선,운수창고업,0.55,0.9400 
9180,한솔로지스틱스,운수창고업,0.55,0.9400 
9070,KCTC,운수창고업,0.55,0.9400 
5880,대한해운,운수창고업,0.55,0.9400 
5430,한국공항,운수창고업,0.55,0.9400 
4365,세방우,운수창고업,0.55,0.9400 
4360,세방,운수창고업,0.55,0.9400 
4140,동방,운수창고업,0.55,0.9400 
3495,대한항공우,운수창고업,0.55,0.9400 
3490,대한항공,운수창고업,0.55,0.9400 
3280,흥아해운,운수창고업,0.55,0.9400 
2320,한진,운수창고업,0.55,0.9400 
1140,국보,운수창고업,0.55,0.9400 
650,천일고속,운수창고업,0.55,0.9400 
120,CJ대한통운,운수창고업,0.55,0.9400 
6490,인스코비,통신업,0.65,0.6900 
32640,LG유플러스,통신업,0.65,0.6900 
30200,KT,통신업,0.65,0.6900 
17670,SK텔레콤,통신업,0.65,0.6900 
316140,우리금융지주,금융업,0.12,7.4208 
12630,HDC,금융업,0.12,7.4208 
3030,세아제강지주,금융업,0.12,7.4208 
192400,쿠쿠홀딩스,금융업,0.12,7.4208 
27410,BGF,금융업,0.12,7.4208 
15360,예스코홀딩스,금융업,0.12,7.4208 
6125,SK디스커버리우,금융업,0.12,7.4208 
6120,SK디스커버리,금융업,0.12,7.4208 
00680K,미래에셋대우2우B,금융업,0.12,7.4208 
00499K,롯데지주우,금융업,0.12,7.4208 
4990,롯데지주,금융업,0.12,7.4208 
1800,오리온홀딩스,금융업,0.12,7.4208 
107590,미원홀딩스,금융업,0.12,7.4208 
267250,현대중공업지주,금융업,0.12,7.4208 
900140,엘브이엠씨홀딩스,금융업,0.12,7.4208 
241590,화승엔터프라이즈,금융업,0.12,7.4208 
241560,두산밥캣,금융업,0.12,7.4208 
229640,LS전선아시아,금융업,0.12,7.4208 
18064K,한진칼우,금융업,0.12,7.4208 
180640,한진칼,금융업,0.12,7.4208 
101060,SBS미디어홀딩스,금융업,0.12,7.4208 
100250,진양홀딩스,금융업,0.12,7.4208 
96775,SK이노베이션우,금융업,0.12,7.4208 
96770,SK이노베이션,금융업,0.12,7.4208 
96760,JW홀딩스,금융업,0.12,7.4208 
92230,KPX홀딩스,금융업,0.12,7.4208 
84695,대상홀딩스우,금융업,0.12,7.4208 
84690,대상홀딩스,금융업,0.12,7.4208 
78935,GS우,금융업,0.12,7.4208 
78930,GS,금융업,0.12,7.4208 
72710,농심홀딩스,금융업,0.12,7.4208 
60980,한라홀딩스,금융업,0.12,7.4208 
58650,세아홀딩스,금융업,0.12,7.4208 
44820,코스맥스비티아이,금융업,0.12,7.4208 
36530,S&T홀딩스,금융업,0.12,7.4208 
03473K,SK우,금융업,0.12,7.4208 
34730,SK,금융업,0.12,7.4208 
25530,SJM홀딩스,금융업,0.12,7.4208 
24720,한국콜마홀딩스,금융업,0.12,7.4208 
17810,풀무원,금융업,0.12,7.4208 
16880,웅진,금융업,0.12,7.4208 
16450,한세예스24홀딩스,금융업,0.12,7.4208 
15860,일진홀딩스,금융업,0.12,7.4208 
13570,디와이,금융업,0.12,7.4208 
12320,경동인베스트,금융업,0.12,7.4208 
10770,평화홀딩스,금융업,0.12,7.4208 
9970,영원무역홀딩스,금융업,0.12,7.4208 
9440,KC그린홀딩스,금융업,0.12,7.4208 
8930,한미사이언스,금융업,0.12,7.4208 
7860,서연,금융업,0.12,7.4208 
7540,샘표,금융업,0.12,7.4208 
6880,신송홀딩스,금융업,0.12,7.4208 
6840,AK홀딩스,금융업,0.12,7.4208 
6260,LS,금융업,0.12,7.4208 
6200,한국전자홀딩스,금융업,0.12,7.4208 
5810,풍산홀딩스,금융업,0.12,7.4208 
5745,크라운해태홀딩스우,금융업,0.12,7.4208 
5740,크라운해태홀딩스,금융업,0.12,7.4208 
5725,넥센우,금융업,0.12,7.4208 
5720,넥센,금융업,0.12,7.4208 
4840,DRB동일,금융업,0.12,7.4208 
4150,한솔홀딩스,금융업,0.12,7.4208 
3555,LG우,금융업,0.12,7.4208 
3550,LG,금융업,0.12,7.4208 
3480,한진중공업홀딩스,금융업,0.12,7.4208 
3090,대웅,금융업,0.12,7.4208 
2795,아모레G우,금융업,0.12,7.4208 
2790,아모레G,금융업,0.12,7.4208 
2025,코오롱우,금융업,0.12,7.4208 
2020,코오롱,금융업,0.12,7.4208 
1940,KISCO홀딩스,금융업,0.12,7.4208 
1630,종근당홀딩스,금융업,0.12,7.4208 
1045,CJ우,금융업,0.12,7.4208 
1040,CJ,금융업,0.12,7.4208 
640,동아쏘시오홀딩스,금융업,0.12,7.4208 
590,CS홀딩스,금융업,0.12,7.4208 
325,노루홀딩스우,금융업,0.12,7.4208 
320,노루홀딩스,금융업,0.12,7.4208 
240,한국타이어월드와이드,금융업,0.12,7.4208 
230,일동홀딩스,금융업,0.12,7.4208 
145,하이트진로홀딩스우,금융업,0.12,7.4208 
140,하이트진로홀딩스,금융업,0.12,7.4208 
75,삼양홀딩스우,금융업,0.12,7.4208 
70,삼양홀딩스,금융업,0.12,7.4208 
79440,오렌지라이프,금융업,0.12,7.4208 
123890,한국자산신탁,금융업,0.12,7.4208 
34830,한국토지신탁,금융업,0.12,7.4208 
85620,미래에셋생명,금융업,0.12,7.4208 
175330,JB금융지주,금융업,0.12,7.4208 
168490,한국패러랠,금융업,0.12,7.4208 
152550,한국ANKOR유전,금융업,0.12,7.4208 
139130,DGB금융지주,금융업,0.12,7.4208 
138040,메리츠금융지주,금융업,0.12,7.4208 
138930,BNK금융지주,금융업,0.12,7.4208 
32830,삼성생명,금융업,0.12,7.4208 
88350,한화생명,금융업,0.12,7.4208 
82640,동양생명,금융업,0.12,7.4208 
39490,키움증권,금융업,0.12,7.4208 
33660,아주캐피탈,금융업,0.12,7.4208 
105560,KB금융,금융업,0.12,7.4208 
94800,맵스리얼티1,금융업,0.12,7.4208 
88980,맥쿼리인프라,금융업,0.12,7.4208 
99350,하나니켈2호,금융업,0.12,7.4208 
99340,하나니켈1호,금융업,0.12,7.4208 
3547,대신증권2우B,금융업,0.12,7.4208 
29780,삼성카드,금융업,0.12,7.4208 
96300,베트남개발1,금융업,0.12,7.4208 
86790,하나금융지주,금융업,0.12,7.4208 
24110,기업은행,금융업,0.12,7.4208 
71055,한국금융지주우,금융업,0.12,7.4208 
71050,한국금융지주,금융업,0.12,7.4208 
30610,교보증권,금융업,0.12,7.4208 
55550,신한지주,금융업,0.12,7.4208 
30210,KTB투자증권,금융업,0.12,7.4208 
16610,DB금융투자,금융업,0.12,7.4208 
16360,삼성증권,금융업,0.12,7.4208 
10050,우리종금,금융업,0.12,7.4208 
8560,메리츠종금증권,금융업,0.12,7.4208 
6805,미래에셋대우우,금융업,0.12,7.4208 
6800,미래에셋대우,금융업,0.12,7.4208 
6220,제주은행,금융업,0.12,7.4208 
5945,NH투자증권우,금융업,0.12,7.4208 
5940,NH투자증권,금융업,0.12,7.4208 
5830,DB손해보험,금융업,0.12,7.4208 
3690,코리안리,금융업,0.12,7.4208 
3545,대신증권우,금융업,0.12,7.4208 
3540,대신증권,금융업,0.12,7.4208 
3535,한화투자증권우,금융업,0.12,7.4208 
3530,한화투자증권,금융업,0.12,7.4208 
3475,유안타증권우,금융업,0.12,7.4208 
3470,유안타증권,금융업,0.12,7.4208 
3465,유화증권우,금융업,0.12,7.4208 
3460,유화증권,금융업,0.12,7.4208 
1755,한양증권우,금융업,0.12,7.4208 
1750,한양증권,금융업,0.12,7.4208 
1725,신영증권우,금융업,0.12,7.4208 
1720,신영증권,금융업,0.12,7.4208 
1515,SK증권우,금융업,0.12,7.4208 
1510,SK증권,금융업,0.12,7.4208 
1500,현대차증권,금융업,0.12,7.4208 
1450,현대해상,금융업,0.12,7.4208 
1290,골든브릿지증권,금융업,0.12,7.4208 
1275,부국증권우,금융업,0.12,7.4208 
1270,부국증권,금융업,0.12,7.4208 
1200,유진투자증권,금융업,0.12,7.4208 
815,삼성화재우,금융업,0.12,7.4208 
810,삼성화재,금융업,0.12,7.4208 
547,흥국화재2우B,금융업,0.12,7.4208 
545,흥국화재우,금융업,0.12,7.4208 
540,흥국화재,금융업,0.12,7.4208 
400,롯데손해보험,금융업,0.12,7.4208 
370,한화손해보험,금융업,0.12,7.4208 
60,메리츠화재,금융업,0.12,7.4208 
307950,현대오토에버,서비스업,0.87,0.3079 
192080,더블유게임즈,서비스업,0.87,0.3079 
267850,아시아나IDT,서비스업,0.87,0.3079 
3300,한일홀딩스,서비스업,0.87,0.3079 
293940,신한알파리츠,서비스업,0.87,0.3079 
286940,롯데정보통신,서비스업,0.87,0.3079 
88260,이리츠코크렙,서비스업,0.87,0.3079 
34310,NICE,서비스업,0.87,0.3079 
284740,쿠쿠홈시스,서비스업,0.87,0.3079 
2030,아세아,서비스업,0.87,0.3079 
2620,제일파마홀딩스,서비스업,0.87,0.3079 
35720,카카오,서비스업,0.87,0.3079 
251270,넷마블,서비스업,0.87,0.3079 
204210,모두투어리츠,서비스업,0.87,0.3079 
70960,용평리조트,서비스업,0.87,0.3079 
30790,동양네트웍스,서비스업,0.87,0.3079 
95570,AJ네트웍스,서비스업,0.87,0.3079 
214320,이노션,서비스업,0.87,0.3079 
210980,SK디앤디,서비스업,0.87,0.3079 
18260,삼성에스디에스,서비스업,0.87,0.3079 
20120,키다리스튜디오,서비스업,0.87,0.3079 
181710,NHN엔터테인먼트,서비스업,0.87,0.3079 
172580,하이골드12호,서비스업,0.87,0.3079 
7120,미래아이앤지,서비스업,0.87,0.3079 
37560,CJ헬로,서비스업,0.87,0.3079 
159650,하이골드8호,서비스업,0.87,0.3079 
68400,AJ렌터카,서비스업,0.87,0.3079 
155900,바다로19호,서비스업,0.87,0.3079 
153360,하이골드3호,서비스업,0.87,0.3079 
145270,케이탑리츠,서비스업,0.87,0.3079 
39130,하나투어,서비스업,0.87,0.3079 
140890,트러스제7호,서비스업,0.87,0.3079 
140910,에이리츠,서비스업,0.87,0.3079 
53210,스카이라이프,서비스업,0.87,0.3079 
23350,한국종합기술,서비스업,0.87,0.3079 
126560,현대에이치씨엔,서비스업,0.87,0.3079 
58860,케이티스,서비스업,0.87,0.3079 
130660,한전산업,서비스업,0.87,0.3079 
12030,DB,서비스업,0.87,0.3079 
58850,KTcs,서비스업,0.87,0.3079 
2150,도화엔지니어링,서비스업,0.87,0.3079 
31440,신세계푸드,서비스업,0.87,0.3079 
16710,대성홀딩스,서비스업,0.87,0.3079 
700,유수홀딩스,서비스업,0.87,0.3079 
52690,한전기술,서비스업,0.87,0.3079 
114090,GKL,서비스업,0.87,0.3079 
53690,한미글로벌,서비스업,0.87,0.3079 
15540,메디파트너생명공학,서비스업,0.87,0.3079 
180,성창기업지주,서비스업,0.87,0.3079 
157,두산2우B,서비스업,0.87,0.3079 
155,두산우,서비스업,0.87,0.3079 
150,두산,서비스업,0.87,0.3079 
35420,NAVER,서비스업,0.87,0.3079 
100220,비상교육,서비스업,0.87,0.3079 
102260,동성코퍼레이션,서비스업,0.87,0.3079 
31820,콤텍시스템,서비스업,0.87,0.3079 
12510,더존비즈온,서비스업,0.87,0.3079 
68290,삼성출판사,서비스업,0.87,0.3079 
32350,롯데관광개발,서비스업,0.87,0.3079 
94280,효성ITX,서비스업,0.87,0.3079 
95720,웅진씽크빅,서비스업,0.87,0.3079 
11420,갤럭시아에스엠,서비스업,0.87,0.3079 
35510,신세계 I&C,서비스업,0.87,0.3079 
21240,코웨이,서비스업,0.87,0.3079 
3560,IHQ,서비스업,0.87,0.3079 
83380,동북아13호,서비스업,0.87,0.3079 
83370,동북아12호,서비스업,0.87,0.3079 
84680,이월드,서비스업,0.87,0.3079 
79160,CJ CGV,서비스업,0.87,0.3079 
78000,텔코웨어,서비스업,0.87,0.3079 
19685,대교우B,서비스업,0.87,0.3079 
19680,대교,서비스업,0.87,0.3079 
15020,이스타코,서비스업,0.87,0.3079 
35250,강원랜드,서비스업,0.87,0.3079 
72130,유엔젤,서비스업,0.87,0.3079 
34120,SBS,서비스업,0.87,0.3079 
36570,엔씨소프트,서비스업,0.87,0.3079 
5257,녹십자홀딩스2우,서비스업,0.87,0.3079 
5250,녹십자홀딩스,서비스업,0.87,0.3079 
35000,지투알,서비스업,0.87,0.3079 
30000,제일기획,서비스업,0.87,0.3079 
28050,삼성엔지니어링,서비스업,0.87,0.3079 
23590,다우기술,서비스업,0.87,0.3079 
12750,에스원,서비스업,0.87,0.3079 
2420,세기상사,서비스업,0.87,0.3079 
299660,셀리드,기타서비스,0.87,0.3079 
246960,이노테라피,기타서비스,0.87,0.3079 
104620,노랑풍선,기타서비스,0.87,0.3079 
217330,싸이토젠,기타서비스,0.87,0.3079 
268600,셀리버리,기타서비스,0.87,0.3079 
226950,올릭스,기타서비스,0.87,0.3079 
245620,EDGC,기타서비스,0.87,0.3079 
43710,서울리거,기타서비스,0.87,0.3079 
38870,에코바이오,기타서비스,0.87,0.3079 
38340,UCI,기타서비스,0.87,0.3079 
54800,아이디스홀딩스,기타서비스,0.87,0.3079 
45970,코아시아,기타서비스,0.87,0.3079 
900310,컬러레이,기타서비스,0.87,0.3079 
151860,KG ETS,기타서비스,0.87,0.3079 
215380,우정바이오,기타서비스,0.87,0.3079 
217600,켐온,기타서비스,0.87,0.3079 
206650,유바이오로직스,기타서비스,0.87,0.3079 
215600,신라젠,기타서비스,0.87,0.3079 
216050,인크로스,기타서비스,0.87,0.3079 
72990,에이치시티,기타서비스,0.87,0.3079 
204840,지엘팜텍,기타서비스,0.87,0.3079 
230360,에코마케팅,기타서비스,0.87,0.3079 
142760,바이오리더스,기타서비스,0.87,0.3079 
144510,녹십자랩셀,기타서비스,0.87,0.3079 
180400,캔서롭,기타서비스,0.87,0.3079 
94850,참좋은여행,기타서비스,0.87,0.3079 
225330,씨엠에스에듀,기타서비스,0.87,0.3079 
115180,큐리언트,기타서비스,0.87,0.3079 
47920,씨트리,기타서비스,0.87,0.3079 
133750,메가엠디,기타서비스,0.87,0.3079 
185490,아이진,기타서비스,0.87,0.3079 
215200,메가스터디교육,기타서비스,0.87,0.3079 
141080,레고켐바이오,기타서비스,0.87,0.3079 
1000,신라섬유,기타서비스,0.87,0.3079 
187220,디티앤씨,기타서비스,0.87,0.3079 
84650,랩지노믹스,기타서비스,0.87,0.3079 
196170,알테오젠,기타서비스,0.87,0.3079 
43910,자연과환경,기타서비스,0.87,0.3079 
90850,이지웰페어,기타서비스,0.87,0.3079 
168330,내츄럴엔도텍,기타서비스,0.87,0.3079 
89600,나스미디어,기타서비스,0.87,0.3079 
45100,한양이엔지,기타서비스,0.87,0.3079 
57030,와이비엠넷,기타서비스,0.87,0.3079 
37350,성도이엔지,기타서비스,0.87,0.3079 
35610,솔본,기타서비스,0.87,0.3079 
22100,포스코 ICT,기타서비스,0.87,0.3079 
140410,메지온,기타서비스,0.87,0.3079 
127120,디엔에이링크,기타서비스,0.87,0.3079 
130580,나이스디앤비,기타서비스,0.87,0.3079 
123570,이엠넷,기타서비스,0.87,0.3079 
32860,GMR 머티리얼즈,기타서비스,0.87,0.3079 
46120,오르비텍,기타서비스,0.87,0.3079 
109820,진매트릭스,기타서비스,0.87,0.3079 
95700,제넥신,기타서비스,0.87,0.3079 
67630,에이치엘비생명과학,기타서비스,0.87,0.3079 
92130,이크레더블,기타서비스,0.87,0.3079 
96240,청담러닝,기타서비스,0.87,0.3079 
40420,정상제이엘에스,기타서비스,0.87,0.3079 
80160,모두투어,기타서비스,0.87,0.3079 
39310,세중,기타서비스,0.87,0.3079 
38390,레드캡투어,기타서비스,0.87,0.3079 
20710,시공테크,기타서비스,0.87,0.3079 
86040,바이오톡스텍,기타서비스,0.87,0.3079 
83790,크리스탈,기타서비스,0.87,0.3079 
84990,바이로메드,기타서비스,0.87,0.3079 
67900,와이엔텍,기타서비스,0.87,0.3079 
50540,한국코퍼레이션,기타서비스,0.87,0.3079 
29960,코엔텍,기타서비스,0.87,0.3079 
68930,디지털대성,기타서비스,0.87,0.3079 
60150,인선이엔티,기타서비스,0.87,0.3079 
34950,한국기업평가,기타서비스,0.87,0.3079 
49720,고려신용정보,기타서비스,0.87,0.3079 
54930,유신,기타서비스,0.87,0.3079 
39830,오로라,기타서비스,0.87,0.3079 
38290,마크로젠,기타서비스,0.87,0.3079 
37440,희림,기타서비스,0.87,0.3079 
36120,SCI평가정보,기타서비스,0.87,0.3079 
34810,해성산업,기타서비스,0.87,0.3079 
30190,NICE평가정보,기타서비스,0.87,0.3079 
10470,오리콤,기타서비스,0.87,0.3079 
154030,아시아종묘,농림업,0.56,0.6527 
54050,농우바이오,농림업,0.56,0.6527 
65420,에스아이리소스,광업,1,0.5462 
225530,보광산업,광업,1,0.5462 
53050,지에스이,"전기,가스,수도",0.72,0.9274 
226360,이엑스티,건설,0.81,0.5372 
76080,웰크론한텍,건설,0.81,0.5372 
7680,대원,건설,0.81,0.5372 
94820,일진파워,건설,0.81,0.5372 
78940,코드네이처,건설,0.81,0.5372 
44180,KD건설,건설,0.81,0.5372 
66620,국보디자인,건설,0.81,0.5372 
54940,엑사이엔씨,건설,0.81,0.5372 
91590,남화토건,건설,0.81,0.5372 
46940,우원개발,건설,0.81,0.5372 
42940,상지카일룸,건설,0.81,0.5372 
60370,KT서브마린,건설,0.81,0.5372 
36190,금화피에스시,건설,0.81,0.5372 
35890,서희건설,건설,0.81,0.5372 
26150,특수건설,건설,0.81,0.5372 
25950,동신건설,건설,0.81,0.5372 
21320,KCC건설,건설,0.81,0.5372 
17000,신원종합개발,건설,0.81,0.5372 
16250,이테크건설,건설,0.81,0.5372 
13120,동원개발,건설,0.81,0.5372 
11560,세보엠이씨,건설,0.81,0.5372 
11370,서한,건설,0.81,0.5372 
2290,삼일기업공사,건설,0.81,0.5372 
1840,이화공영,건설,0.81,0.5372 
290720,푸드나무,유통,1.17,0.1266 
64800,필링크,유통,1.17,0.1266 
106190,하이텍팜,유통,1.17,0.1266 
64090,에프앤리퍼블릭,유통,1.17,0.1266 
58530,슈펙스비앤피,유통,1.17,0.1266 
48910,대원미디어,유통,1.17,0.1266 
36030,KTH,유통,1.17,0.1266 
25870,신라에스지,유통,1.17,0.1266 
950170,JTC,유통,1.17,0.1266 
91990,셀트리온헬스케어,유통,1.17,0.1266 
250000,보라티알,유통,1.17,0.1266 
66430,와이오엠,유통,1.17,0.1266 
65560,녹원씨엔아이,유통,1.17,0.1266 
56730,포스링크,유통,1.17,0.1266 
51390,YW,유통,1.17,0.1266 
44960,이글벳,유통,1.17,0.1266 
38530,골드퍼시픽,유통,1.17,0.1266 
32980,바이온,유통,1.17,0.1266 
19660,글로본,유통,1.17,0.1266 
4590,한국가구,유통,1.17,0.1266 
215480,토박스코리아,유통,1.17,0.1266 
219550,MP한강,유통,1.17,0.1266 
140070,서플러스글로벌,유통,1.17,0.1266 
220630,해마로푸드서비스,유통,1.17,0.1266 
141020,포티스,유통,1.17,0.1266 
7720,대명코퍼레이션,유통,1.17,0.1266 
142210,유니트론텍,유통,1.17,0.1266 
214450,파마리서치프로덕트,유통,1.17,0.1266 
74430,아미노로직스,유통,1.17,0.1266 
43220,에이치엘비파워,유통,1.17,0.1266 
37370,EG,유통,1.17,0.1266 
39980,리노스,유통,1.17,0.1266 
108790,인터파크,유통,1.17,0.1266 
51780,큐로홀딩스,유통,1.17,0.1266 
159580,제로투세븐,유통,1.17,0.1266 
32685,소프트센우,유통,1.17,0.1266 
32680,소프트센,유통,1.17,0.1266 
38620,위즈코프,유통,1.17,0.1266 
31860,엔에스엔,유통,1.17,0.1266 
16920,카스,유통,1.17,0.1266 
131220,대한과학,유통,1.17,0.1266 
900100,뉴프라이드,유통,1.17,0.1266 
65650,메디프론,유통,1.17,0.1266 
60280,큐렉소,유통,1.17,0.1266 
65150,MP그룹,유통,1.17,0.1266 
67990,도이치모터스,유통,1.17,0.1266 
99220,SDN,유통,1.17,0.1266 
36620,버추얼텍,유통,1.17,0.1266 
36180,영인프런티어,유통,1.17,0.1266 
43090,팜스웰바이오,유통,1.17,0.1266 
65170,넥스트BT,유통,1.17,0.1266 
63170,서울옥션,유통,1.17,0.1266 
69920,아이에스이커머스,유통,1.17,0.1266 
39740,한국정보공학,유통,1.17,0.1266 
24950,삼천리자전거,유통,1.17,0.1266 
93520,매커스,유통,1.17,0.1266 
38070,서린바이오,유통,1.17,0.1266 
33320,제이씨현시스템,유통,1.17,0.1266 
32940,원익,유통,1.17,0.1266 
50120,라이브플렉스,유통,1.17,0.1266 
60590,씨티씨바이오,유통,1.17,0.1266 
51380,피씨디렉트,유통,1.17,0.1266 
13990,아가방컴퍼니,유통,1.17,0.1266 
51500,CJ프레시웨이,유통,1.17,0.1266 
32190,다우데이타,유통,1.17,0.1266 
31330,에스에이엠티,유통,1.17,0.1266 
24060,흥구석유,유통,1.17,0.1266 
19010,그랜드백화점,유통,1.17,0.1266 
16670,포비스티앤씨,유통,1.17,0.1266 
14190,원익큐브,유통,1.17,0.1266 
12700,리드코프,유통,1.17,0.1266 
6730,서부T&D,유통,1.17,0.1266 
440,중앙에너비스,유통,1.17,0.1266 
217620,디딤,숙박·음식,1.17,0.1266 
52300,W홀딩컴퍼니,운송,0.73,0.5975 
32280,삼일,운송,0.73,0.5975 
24800,유성티엔에스,운송,0.73,0.5975 
3100,선광,운송,0.73,0.5975 
317030,케이비17호스팩,금융,0.12,7.4208 
313750,유안타제4호스팩,금융,0.12,7.4208 
100790,미래에셋벤처투자,금융,0.12,7.4208 
53580,웹케시,금융,0.12,7.4208 
311270,키움제5호스팩,금융,0.12,7.4208 
310840,엔에이치스팩13호,금융,0.12,7.4208 
310200,미래에셋대우스팩2호,금융,0.12,7.4208 
307180,신영스팩4호,금융,0.12,7.4208 
310870,한국제8호스팩,금융,0.12,7.4208 
309930,삼성머스트스팩3호,금융,0.12,7.4208 
307750,대신밸런스제6호스팩,금융,0.12,7.4208 
307870,골든브릿지이안5호,금융,0.12,7.4208 
307070,SK4호스팩,금융,0.12,7.4208 
307280,교보8호스팩,금융,0.12,7.4208 
307160,하나머스트제6호스팩,금융,0.12,7.4208 
900340,윙입푸드,금융,0.12,7.4208 
27360,아주IB투자,금융,0.12,7.4208 
306620,DB금융스팩6호,금융,0.12,7.4208 
293580,나우아이비캐피탈,금융,0.12,7.4208 
299170,IBKS제10호스팩,금융,0.12,7.4208 
291230,삼성스팩2호,금융,0.12,7.4208 
303030,대신밸런스제5호스팩,금융,0.12,7.4208 
297570,IBKS제9호스팩,금융,0.12,7.4208 
289080,SV인베스트먼트,금융,0.12,7.4208 
284620,하나금융11호스팩,금융,0.12,7.4208 
291210,한국제7호스팩,금융,0.12,7.4208 
287410,유안타제3호스팩,금융,0.12,7.4208 
253590,네오셈,금융,0.12,7.4208 
277070,린드먼아시아,금융,0.12,7.4208 
281410,한국제6호스팩,금융,0.12,7.4208 
281740,동부스팩5호,금융,0.12,7.4208 
279410,한화에이스스팩4호,금융,0.12,7.4208 
276920,IBKS제7호스팩,금융,0.12,7.4208 
277480,신한제4호스팩,금융,0.12,7.4208 
270520,하나금융10호스팩,금융,0.12,7.4208 
88390,이녹스,금융,0.12,7.4208 
273060,엔에이치스팩12호,금융,0.12,7.4208 
271740,한국제5호스팩,금융,0.12,7.4208 
5990,매일홀딩스,금융,0.12,7.4208 
900070,글로벌에스엠,금융,0.12,7.4208 
900250,크리스탈신소재,금융,0.12,7.4208 
900120,씨케이에이치,금융,0.12,7.4208 
900040,차이나그레이트,금융,0.12,7.4208 
900280,골든센츄리,금융,0.12,7.4208 
121440,골프존뉴딘홀딩스,금융,0.12,7.4208 
94840,슈프리마에이치큐,금융,0.12,7.4208 
84110,휴온스글로벌,금융,0.12,7.4208 
78070,유비쿼스홀딩스,금융,0.12,7.4208 
72470,우리산업홀딩스,금융,0.12,7.4208 
60560,홈센타홀딩스,금융,0.12,7.4208 
54620,APS홀딩스,금융,0.12,7.4208 
42420,네오위즈홀딩스,금융,0.12,7.4208 
42370,비츠로테크,금융,0.12,7.4208 
39020,이건홀딩스,금융,0.12,7.4208 
36710,심텍홀딩스,금융,0.12,7.4208 
36420,제이콘텐트리,금융,0.12,7.4208 
35080,인터파크홀딩스,금융,0.12,7.4208 
30530,원익홀딩스,금융,0.12,7.4208 
28080,휴맥스홀딩스,금융,0.12,7.4208 
14470,부방,금융,0.12,7.4208 
3380,하림지주,금융,0.12,7.4208 
900300,오가닉티코스메틱,금융,0.12,7.4208 
900290,GRT,금융,0.12,7.4208 
900260,로스웰,금융,0.12,7.4208 
900270,헝셩그룹,금융,0.12,7.4208 
900110,이스트아시아홀딩스,금융,0.12,7.4208 
900080,에스앤씨엔진그룹,금융,0.12,7.4208 
261200,하나금융9호스팩,금융,0.12,7.4208 
267320,교보7호스팩,금융,0.12,7.4208 
265920,한화수성스팩,금융,0.12,7.4208 
264850,IBKS제6호스팩,금융,0.12,7.4208 
265480,미래에셋대우스팩1호,금융,0.12,7.4208 
264290,한화에이스스팩3호,금융,0.12,7.4208 
256630,엔에이치스팩10호,금융,0.12,7.4208 
258790,케이비제11호스팩,금융,0.12,7.4208 
262830,대신밸런스제4호스팩,금융,0.12,7.4208 
257730,신한제3호스팩,금융,0.12,7.4208 
256840,엔에이치스팩11호,금융,0.12,7.4208 
241520,DSC인베스트먼트,금융,0.12,7.4208 
246690,티에스인베스트먼트,금융,0.12,7.4208 
254120,IBKS제5호스팩,금융,0.12,7.4208 
232330,SK3호스팩,금융,0.12,7.4208 
250930,케이비제10호스팩,금융,0.12,7.4208 
38160,팍스넷,금융,0.12,7.4208 
239340,미래에셋제5호스팩,금융,0.12,7.4208 
225590,패션플랫폼,금융,0.12,7.4208 
23460,CNH,금융,0.12,7.4208 
208140,정다운,금융,0.12,7.4208 
205470,휴마시스,금융,0.12,7.4208 
204620,글로벌텍스프리,금융,0.12,7.4208 
78020,이베스트투자증권,금융,0.12,7.4208 
41190,우리기술투자,금융,0.12,7.4208 
27830,대성창투,금융,0.12,7.4208 
23760,한국캐피탈,금융,0.12,7.4208 
21880,메이슨캐피탈,금융,0.12,7.4208 
21080,에이티넘인베스트,금융,0.12,7.4208 
19590,엠벤처투자,금융,0.12,7.4208 
19570,제미니투자,금융,0.12,7.4208 
19550,SBI인베스트먼트,금융,0.12,7.4208 
16600,큐캐피탈,금융,0.12,7.4208 
7330,푸른저축은행,금융,0.12,7.4208 
299900,위지윅스튜디오,오락·문화,1.2,0.0408 
111710,남화산업,오락·문화,1.2,0.0408 
18700,바른손,오락·문화,1.2,0.0408 
78860,아이오케이,오락·문화,1.2,0.0408 
253450,스튜디오드래곤,오락·문화,1.2,0.0408 
52190,이에스에이,오락·문화,1.2,0.0408 
48550,SM C&C,오락·문화,1.2,0.0408 
36260,이매진아시아,오락·문화,1.2,0.0408 
206560,덱스터,오락·문화,1.2,0.0408 
204630,화이브라더스코리아,오락·문화,1.2,0.0408 
35480,마제스타,오락·문화,1.2,0.0408 
32800,판타지오,오락·문화,1.2,0.0408 
182360,큐브엔터,오락·문화,1.2,0.0408 
160550,NEW,오락·문화,1.2,0.0408 
173940,에프엔씨엔터,오락·문화,1.2,0.0408 
60300,레드로버,오락·문화,1.2,0.0408 
54780,키이스트,오락·문화,1.2,0.0408 
46140,SBS콘텐츠허브,오락·문화,1.2,0.0408 
41510,에스엠,오락·문화,1.2,0.0408 
35900,JYP Ent.,오락·문화,1.2,0.0408 
122870,와이지엔터테인먼트,오락·문화,1.2,0.0408 
58420,제이웨이,오락·문화,1.2,0.0408 
46390,삼화네트웍스,오락·문화,1.2,0.0408 
47820,초록뱀,오락·문화,1.2,0.0408 
86980,쇼박스,오락·문화,1.2,0.0408 
68050,팬엔터테인먼트,오락·문화,1.2,0.0408 
25980,아난티,오락·문화,1.2,0.0408 
34230,파라다이스,오락·문화,1.2,0.0408 
39290,인포뱅크,통신방송서비스,0.58,0.7579 
122450,KMH,통신방송서비스,0.58,0.7579 
33830,티비씨,통신방송서비스,0.58,0.7579 
58400,KNN,통신방송서비스,0.58,0.7579 
115310,인포바인,통신방송서비스,0.58,0.7579 
36630,세종텔레콤,통신방송서비스,0.58,0.7579 
63570,한국전자금융,통신방송서비스,0.58,0.7579 
39340,한국경제TV,통신방송서비스,0.58,0.7579 
66790,씨씨에스,통신방송서비스,0.58,0.7579 
65530,전파기지국,통신방송서비스,0.58,0.7579 
39420,케이엘넷,통신방송서비스,0.58,0.7579 
52600,한네트,통신방송서비스,0.58,0.7579 
40300,YTN,통신방송서비스,0.58,0.7579 
36800,나이스정보통신,통신방송서비스,0.58,0.7579 
35760,CJ ENM,통신방송서비스,0.58,0.7579 
28150,GS홈쇼핑,통신방송서비스,0.58,0.7579 
25770,한국정보통신,통신방송서비스,0.58,0.7579 
299910,베스파,IT S/W & SVC,1.1,0.1858 
108490,로보티즈,IT S/W & SVC,1.1,0.1858 
173130,오파스넷,IT S/W & SVC,1.1,0.1858 
275630,에스에스알,IT S/W & SVC,1.1,0.1858 
290270,휴네시온,IT S/W & SVC,1.1,0.1858 
263700,케어랩스,IT S/W & SVC,1.1,0.1858 
42000,카페24,IT S/W & SVC,1.1,0.1858 
219420,링크제니시스,IT S/W & SVC,1.1,0.1858 
215100,로보로보,IT S/W & SVC,1.1,0.1858 
234300,에스트래픽,IT S/W & SVC,1.1,0.1858 
138580,비즈니스온,IT S/W & SVC,1.1,0.1858 
38540,상상인,IT S/W & SVC,1.1,0.1858 
263750,펄어비스,IT S/W & SVC,1.1,0.1858 
263860,지니언스,IT S/W & SVC,1.1,0.1858 
263720,디앤씨미디어,IT S/W & SVC,1.1,0.1858 
225570,넷게임즈,IT S/W & SVC,1.1,0.1858 
89230,THE E&M,IT S/W & SVC,1.1,0.1858 
77280,한컴지엠디,IT S/W & SVC,1.1,0.1858 
66980,브레인콘텐츠,IT S/W & SVC,1.1,0.1858 
60240,룽투코리아,IT S/W & SVC,1.1,0.1858 
56000,신스타임즈,IT S/W & SVC,1.1,0.1858 
250060,모비스,IT S/W & SVC,1.1,0.1858 
87260,모바일어플라이언스,IT S/W & SVC,1.1,0.1858 
201490,미투온,IT S/W & SVC,1.1,0.1858 
195440,퓨전데이타,IT S/W & SVC,1.1,0.1858 
220180,핸디소프트,IT S/W & SVC,1.1,0.1858 
208860,엔지스테크널러지,IT S/W & SVC,1.1,0.1858 
222810,한류AI센터,IT S/W & SVC,1.1,0.1858 
206400,엔터메이트,IT S/W & SVC,1.1,0.1858 
223310,이에스브이,IT S/W & SVC,1.1,0.1858 
213090,미래테크놀로지,IT S/W & SVC,1.1,0.1858 
207760,미스터블루,IT S/W & SVC,1.1,0.1858 
205500,액션스퀘어,IT S/W & SVC,1.1,0.1858 
94360,칩스앤미디어,IT S/W & SVC,1.1,0.1858 
127710,아시아경제,IT S/W & SVC,1.1,0.1858 
67730,로지시스,IT S/W & SVC,1.1,0.1858 
214180,민앤지,IT S/W & SVC,1.1,0.1858 
205100,엑셈,IT S/W & SVC,1.1,0.1858 
184230,SGA솔루션즈,IT S/W & SVC,1.1,0.1858 
215000,골프존,IT S/W & SVC,1.1,0.1858 
189690,포시에스,IT S/W & SVC,1.1,0.1858 
124500,아이티센,IT S/W & SVC,1.1,0.1858 
194510,파티게임즈,IT S/W & SVC,1.1,0.1858 
192250,케이사인,IT S/W & SVC,1.1,0.1858 
194480,데브시스터즈,IT S/W & SVC,1.1,0.1858 
42510,라온시큐어,IT S/W & SVC,1.1,0.1858 
53300,한국정보인증,IT S/W & SVC,1.1,0.1858 
131370,알서포트,IT S/W & SVC,1.1,0.1858 
85810,알티캐스트,IT S/W & SVC,1.1,0.1858 
123420,선데이토즈,IT S/W & SVC,1.1,0.1858 
150900,파수닷컴,IT S/W & SVC,1.1,0.1858 
153460,네이블,IT S/W & SVC,1.1,0.1858 
143240,사람인에이치알,IT S/W & SVC,1.1,0.1858 
131090,시큐브,IT S/W & SVC,1.1,0.1858 
139670,넥스트리밍,IT S/W & SVC,1.1,0.1858 
139050,데일리블록체인,IT S/W & SVC,1.1,0.1858 
136540,윈스,IT S/W & SVC,1.1,0.1858 
89150,케이씨티,IT S/W & SVC,1.1,0.1858 
93320,케이아이엔엑스,IT S/W & SVC,1.1,0.1858 
119860,다나와,IT S/W & SVC,1.1,0.1858 
41460,한국전자인증,IT S/W & SVC,1.1,0.1858 
67920,이글루시큐리티,IT S/W & SVC,1.1,0.1858 
111820,지와이커머스,IT S/W & SVC,1.1,0.1858 
89850,유비벨록스,IT S/W & SVC,1.1,0.1858 
70300,한솔시큐어,IT S/W & SVC,1.1,0.1858 
79970,투비소프트,IT S/W & SVC,1.1,0.1858 
71200,인피니트헬스케어,IT S/W & SVC,1.1,0.1858 
100030,모바일리더,IT S/W & SVC,1.1,0.1858 
35620,바른손이앤에이,IT S/W & SVC,1.1,0.1858 
30350,드래곤플라이,IT S/W & SVC,1.1,0.1858 
115500,케이씨에스,IT S/W & SVC,1.1,0.1858 
115450,지트리비앤티,IT S/W & SVC,1.1,0.1858 
112040,위메이드,IT S/W & SVC,1.1,0.1858 
108860,셀바스AI,IT S/W & SVC,1.1,0.1858 
104200,NHN벅스,IT S/W & SVC,1.1,0.1858 
49470,SGA,IT S/W & SVC,1.1,0.1858 
63080,게임빌,IT S/W & SVC,1.1,0.1858 
41140,넥슨지티,IT S/W & SVC,1.1,0.1858 
101730,조이맥스,IT S/W & SVC,1.1,0.1858 
58630,엠게임,IT S/W & SVC,1.1,0.1858 
47560,이스트소프트,IT S/W & SVC,1.1,0.1858 
64480,브리지텍,IT S/W & SVC,1.1,0.1858 
67000,조이시티,IT S/W & SVC,1.1,0.1858 
53280,예스24,IT S/W & SVC,1.1,0.1858 
72770,네오디안테크놀로지,IT S/W & SVC,1.1,0.1858 
94480,갤럭시아컴즈,IT S/W & SVC,1.1,0.1858 
78340,컴투스,IT S/W & SVC,1.1,0.1858 
95660,네오위즈,IT S/W & SVC,1.1,0.1858 
69410,엔텔스,IT S/W & SVC,1.1,0.1858 
53110,소리바다,IT S/W & SVC,1.1,0.1858 
94860,코닉글로리,IT S/W & SVC,1.1,0.1858 
67280,멀티캠퍼스,IT S/W & SVC,1.1,0.1858 
86960,한컴MDS,IT S/W & SVC,1.1,0.1858 
43610,지니뮤직,IT S/W & SVC,1.1,0.1858 
46110,한일네트웍스,IT S/W & SVC,1.1,0.1858 
41020,인프라웨어,IT S/W & SVC,1.1,0.1858 
79940,가비아,IT S/W & SVC,1.1,0.1858 
80010,이상네트웍스,IT S/W & SVC,1.1,0.1858 
75130,플랜티넷,IT S/W & SVC,1.1,0.1858 
52220,iMBC,IT S/W & SVC,1.1,0.1858 
52460,아이크래프트,IT S/W & SVC,1.1,0.1858 
46440,KG모빌리언스,IT S/W & SVC,1.1,0.1858 
64260,다날,IT S/W & SVC,1.1,0.1858 
70590,한솔인티큐브,IT S/W & SVC,1.1,0.1858 
67160,아프리카TV,IT S/W & SVC,1.1,0.1858 
66410,버킷스튜디오,IT S/W & SVC,1.1,0.1858 
69080,웹젠,IT S/W & SVC,1.1,0.1858 
50320,에이앤티앤,IT S/W & SVC,1.1,0.1858 
23770,플레이위드,IT S/W & SVC,1.1,0.1858 
65440,이루온,IT S/W & SVC,1.1,0.1858 
35600,KG이니시스,IT S/W & SVC,1.1,0.1858 
52770,와이디온라인,IT S/W & SVC,1.1,0.1858 
45340,토탈소프트,IT S/W & SVC,1.1,0.1858 
57680,옴니텔,IT S/W & SVC,1.1,0.1858 
51160,지어소프트,IT S/W & SVC,1.1,0.1858 
53980,오상자이엘,IT S/W & SVC,1.1,0.1858 
47080,한빛소프트,IT S/W & SVC,1.1,0.1858 
42500,링네트,IT S/W & SVC,1.1,0.1858 
40350,큐로컴,IT S/W & SVC,1.1,0.1858 
60250,NHN한국사이버결제,IT S/W & SVC,1.1,0.1858 
54920,한컴시큐어,IT S/W & SVC,1.1,0.1858 
53800,안랩,IT S/W & SVC,1.1,0.1858 
53350,이니텍,IT S/W & SVC,1.1,0.1858 
52790,액토즈소프트,IT S/W & SVC,1.1,0.1858 
52400,코나아이,IT S/W & SVC,1.1,0.1858 
49480,오픈베이스,IT S/W & SVC,1.1,0.1858 
45510,정원엔시스,IT S/W & SVC,1.1,0.1858 
40160,누리텔레콤,IT S/W & SVC,1.1,0.1858 
38680,에스넷,IT S/W & SVC,1.1,0.1858 
33230,인성정보,IT S/W & SVC,1.1,0.1858 
33130,디지틀조선,IT S/W & SVC,1.1,0.1858 
32850,비트컴퓨터,IT S/W & SVC,1.1,0.1858 
32620,유비케어,IT S/W & SVC,1.1,0.1858 
30520,한글과컴퓨터,IT S/W & SVC,1.1,0.1858 
26180,현대정보기술,IT S/W & SVC,1.1,0.1858 
20180,대신정보통신,IT S/W & SVC,1.1,0.1858 
10280,쌍용정보통신,IT S/W & SVC,1.1,0.1858 
125210,아모그린텍,IT H/W,1.13,0.1194 
290550,디케이티,IT H/W,1.13,0.1194 
257370,명성티엔에스,IT H/W,1.13,0.1194 
110990,디아이티,IT H/W,1.13,0.1194 
31310,아이즈비전,IT H/W,1.13,0.1194 
264660,씨앤지하이테크,IT H/W,1.13,0.1194 
187870,디바이스이엔지,IT H/W,1.13,0.1194 
241770,메카로,IT H/W,1.13,0.1194 
255440,야스,IT H/W,1.13,0.1194 
243840,신흥에스이씨,IT H/W,1.13,0.1194 
179900,유티아이,IT H/W,1.13,0.1194 
171090,선익시스템,IT H/W,1.13,0.1194 
256940,케이피에스,IT H/W,1.13,0.1194 
140670,알에스오토메이션,IT H/W,1.13,0.1194 
263800,데이타솔루션,IT H/W,1.13,0.1194 
238490,힘스,IT H/W,1.13,0.1194 
272290,이녹스첨단소재,IT H/W,1.13,0.1194 
161580,필옵틱스,IT H/W,1.13,0.1194 
56700,신화인터텍,IT H/W,1.13,0.1194 
215790,이노인스트루먼트,IT H/W,1.13,0.1194 
166090,하나머티리얼즈,IT H/W,1.13,0.1194 
265520,AP시스템,IT H/W,1.13,0.1194 
63760,이엘피,IT H/W,1.13,0.1194 
232140,와이아이케이,IT H/W,1.13,0.1194 
264450,유비쿼스,IT H/W,1.13,0.1194 
178320,서진시스템,IT H/W,1.13,0.1194 
183300,코미코,IT H/W,1.13,0.1194 
241790,오션브릿지,IT H/W,1.13,0.1194 
176440,에이치엔티,IT H/W,1.13,0.1194 
123010,옵토팩,IT H/W,1.13,0.1194 
174880,장원테크,IT H/W,1.13,0.1194 
148250,알엔투테크놀로지,IT H/W,1.13,0.1194 
240810,원익IPS,IT H/W,1.13,0.1194 
101390,아이엠,IT H/W,1.13,0.1194 
211270,AP위성,IT H/W,1.13,0.1194 
226350,아이엠텍,IT H/W,1.13,0.1194 
224060,코디엠,IT H/W,1.13,0.1194 
191410,육일씨엔에쓰,IT H/W,1.13,0.1194 
122640,예스티,IT H/W,1.13,0.1194 
208710,바이오로그디바이스,IT H/W,1.13,0.1194 
197210,리드,IT H/W,1.13,0.1194 
127160,매직마이크로,IT H/W,1.13,0.1194 
190510,나무가,IT H/W,1.13,0.1194 
92870,엑시콘,IT H/W,1.13,0.1194 
214870,에치디프로,IT H/W,1.13,0.1194 
219130,타이거일렉,IT H/W,1.13,0.1194 
217190,제너셈,IT H/W,1.13,0.1194 
175140,인포마크,IT H/W,1.13,0.1194 
224110,에이텍티앤,IT H/W,1.13,0.1194 
131760,파인텍,IT H/W,1.13,0.1194 
222800,심텍,IT H/W,1.13,0.1194 
178780,유테크,IT H/W,1.13,0.1194 
94170,동운아나텍,IT H/W,1.13,0.1194 
214310,세미콘라이트,IT H/W,1.13,0.1194 
177350,베셀,IT H/W,1.13,0.1194 
160980,싸이맥스,IT H/W,1.13,0.1194 
87600,픽셀플러스,IT H/W,1.13,0.1194 
60230,이그잭스,IT H/W,1.13,0.1194 
46310,백금T&A,IT H/W,1.13,0.1194 
213420,덕산네오룩스,IT H/W,1.13,0.1194 
193250,와이제이엠게임즈,IT H/W,1.13,0.1194 
200470,하이셈,IT H/W,1.13,0.1194 
80580,오킨스전자,IT H/W,1.13,0.1194 
200710,에이디테크놀로지,IT H/W,1.13,0.1194 
200230,텔콘RF제약,IT H/W,1.13,0.1194 
192440,슈피겐코리아,IT H/W,1.13,0.1194 
182690,테라셈,IT H/W,1.13,0.1194 
143540,영우디에스피,IT H/W,1.13,0.1194 
192410,감마누,IT H/W,1.13,0.1194 
187270,신화콘텍,IT H/W,1.13,0.1194 
59120,아진엑스텍,IT H/W,1.13,0.1194 
96040,이트론,IT H/W,1.13,0.1194 
52420,오성첨단소재,IT H/W,1.13,0.1194 
138080,오이솔루션,IT H/W,1.13,0.1194 
154040,솔루에타,IT H/W,1.13,0.1194 
49080,기가레인,IT H/W,1.13,0.1194 
134580,디엠티,IT H/W,1.13,0.1194 
171010,램테크놀러지,IT H/W,1.13,0.1194 
161570,THE MIDONG,IT H/W,1.13,0.1194 
76610,해성옵틱스,IT H/W,1.13,0.1194 
131970,테스나,IT H/W,1.13,0.1194 
170920,엘티씨,IT H/W,1.13,0.1194 
170790,파이오링크,IT H/W,1.13,0.1194 
97800,윈팩,IT H/W,1.13,0.1194 
114810,아이원스,IT H/W,1.13,0.1194 
153490,우리이앤엘,IT H/W,1.13,0.1194 
159910,스킨앤스킨,IT H/W,1.13,0.1194 
46970,우리로,IT H/W,1.13,0.1194 
155650,와이엠씨,IT H/W,1.13,0.1194 
149950,아바텍,IT H/W,1.13,0.1194 
121850,코이즈,IT H/W,1.13,0.1194 
149940,모다,IT H/W,1.13,0.1194 
151910,나노스,IT H/W,1.13,0.1194 
97520,엠씨넥스,IT H/W,1.13,0.1194 
141000,비아트론,IT H/W,1.13,0.1194 
96630,에스코넥,IT H/W,1.13,0.1194 
86520,에코프로,IT H/W,1.13,0.1194 
52020,에스티큐브,IT H/W,1.13,0.1194 
72950,빛샘전자,IT H/W,1.13,0.1194 
104830,원익머트리얼즈,IT H/W,1.13,0.1194 
123260,파인넥스,IT H/W,1.13,0.1194 
121800,비덴트,IT H/W,1.13,0.1194 
89530,에이티세미콘,IT H/W,1.13,0.1194 
89030,테크윙,IT H/W,1.13,0.1194 
115530,씨엔플러스,IT H/W,1.13,0.1194 
143160,아이디스,IT H/W,1.13,0.1194 
40910,아이씨디,IT H/W,1.13,0.1194 
109080,옵티시스,IT H/W,1.13,0.1194 
131100,리켐,IT H/W,1.13,0.1194 
138690,엘아이에스,IT H/W,1.13,0.1194 
131180,딜리,IT H/W,1.13,0.1194 
61970,엘비세미콘,IT H/W,1.13,0.1194 
33560,블루콤,IT H/W,1.13,0.1194 
131290,티에스이,IT H/W,1.13,0.1194 
64290,인텍플러스,IT H/W,1.13,0.1194 
131400,액트,IT H/W,1.13,0.1194 
96690,제이스테판,IT H/W,1.13,0.1194 
33170,시그네틱스,IT H/W,1.13,0.1194 
123860,아나패스,IT H/W,1.13,0.1194 
119830,아이텍반도체,IT H/W,1.13,0.1194 
68940,아이씨케이,IT H/W,1.13,0.1194 
117670,알파홀딩스,IT H/W,1.13,0.1194 
68240,다원시스,IT H/W,1.13,0.1194 
122990,와이솔,IT H/W,1.13,0.1194 
114120,크루셜텍,IT H/W,1.13,0.1194 
121890,에스디시스템,IT H/W,1.13,0.1194 
108320,실리콘웍스,IT H/W,1.13,0.1194 
115610,이미지스,IT H/W,1.13,0.1194 
106080,지투하이소닉,IT H/W,1.13,0.1194 
114570,지스마트글로벌,IT H/W,1.13,0.1194 
101330,모베이스,IT H/W,1.13,0.1194 
115440,우리넷,IT H/W,1.13,0.1194 
99520,ITX엠투엠,IT H/W,1.13,0.1194 
96640,멜파스,IT H/W,1.13,0.1194 
115160,휴맥스,IT H/W,1.13,0.1194 
109960,에이프로젠 H&G,IT H/W,1.13,0.1194 
82920,비츠로셀,IT H/W,1.13,0.1194 
52860,아이앤씨,IT H/W,1.13,0.1194 
102120,어보브반도체,IT H/W,1.13,0.1194 
43200,파루,IT H/W,1.13,0.1194 
33100,제룡전기,IT H/W,1.13,0.1194 
101490,에스앤에스텍,IT H/W,1.13,0.1194 
101400,엔시트론,IT H/W,1.13,0.1194 
106240,파인테크닉스,IT H/W,1.13,0.1194 
59100,아이컴포넌트,IT H/W,1.13,0.1194 
98120,마이크로컨텍솔,IT H/W,1.13,0.1194 
83470,KJ프리텍,IT H/W,1.13,0.1194 
101160,월덱스,IT H/W,1.13,0.1194 
99320,쎄트렉아이,IT H/W,1.13,0.1194 
95610,테스,IT H/W,1.13,0.1194 
96870,엘디티,IT H/W,1.13,0.1194 
87730,네패스신소재,IT H/W,1.13,0.1194 
91440,텔레필드,IT H/W,1.13,0.1194 
97780,에스맥,IT H/W,1.13,0.1194 
93920,서원인텍,IT H/W,1.13,0.1194 
67010,이씨에스,IT H/W,1.13,0.1194 
96610,알에프세미,IT H/W,1.13,0.1194 
94190,이엘케이,IT H/W,1.13,0.1194 
92300,현우산업,IT H/W,1.13,0.1194 
93640,다믈멀티미디어,IT H/W,1.13,0.1194 
95910,에스에너지,IT H/W,1.13,0.1194 
94970,제이엠티,IT H/W,1.13,0.1194 
81580,성우전자,IT H/W,1.13,0.1194 
73110,엘엠에스,IT H/W,1.13,0.1194 
80520,오디텍,IT H/W,1.13,0.1194 
95500,미래나노텍,IT H/W,1.13,0.1194 
95340,ISC,IT H/W,1.13,0.1194 
27580,상보,IT H/W,1.13,0.1194 
90740,연이정보통신,IT H/W,1.13,0.1194 
94940,푸른기술,IT H/W,1.13,0.1194 
95270,웨이브일렉트로,IT H/W,1.13,0.1194 
93190,빅솔론,IT H/W,1.13,0.1194 
91340,S&K폴리텍,IT H/W,1.13,0.1194 
92600,앤씨앤,IT H/W,1.13,0.1194 
91580,상신이디피,IT H/W,1.13,0.1194 
73540,에프알텍,IT H/W,1.13,0.1194 
91120,이엠텍,IT H/W,1.13,0.1194 
25320,시노펙스,IT H/W,1.13,0.1194 
90460,비에이치,IT H/W,1.13,0.1194 
90470,제이스텍,IT H/W,1.13,0.1194 
91700,파트론,IT H/W,1.13,0.1194 
86390,유니테스트,IT H/W,1.13,0.1194 
60540,에스에이티,IT H/W,1.13,0.1194 
66310,큐에스아이,IT H/W,1.13,0.1194 
89890,코세스,IT H/W,1.13,0.1194 
89790,제이티,IT H/W,1.13,0.1194 
38060,루멘스,IT H/W,1.13,0.1194 
62860,티엘아이,IT H/W,1.13,0.1194 
84730,팅크웨어,IT H/W,1.13,0.1194 
58450,일야,IT H/W,1.13,0.1194 
88800,에이스테크,IT H/W,1.13,0.1194 
83450,GST,IT H/W,1.13,0.1194 
85670,뉴프렉스,IT H/W,1.13,0.1194 
84370,유진테크,IT H/W,1.13,0.1194 
83640,인콘,IT H/W,1.13,0.1194 
80420,모다이노칩,IT H/W,1.13,0.1194 
79190,EMW,IT H/W,1.13,0.1194 
82800,루미마이크로,IT H/W,1.13,0.1194 
67310,하나마이크론,IT H/W,1.13,0.1194 
83310,엘오티베큠,IT H/W,1.13,0.1194 
82660,삼우엠스,IT H/W,1.13,0.1194 
58220,아리온,IT H/W,1.13,0.1194 
78890,가온미디어,IT H/W,1.13,0.1194 
50890,쏠리드,IT H/W,1.13,0.1194 
82210,옵트론텍,IT H/W,1.13,0.1194 
49630,재영솔루텍,IT H/W,1.13,0.1194 
36490,SK머티리얼즈,IT H/W,1.13,0.1194 
73490,이노와이어리스,IT H/W,1.13,0.1194 
80220,제주반도체,IT H/W,1.13,0.1194 
79960,동양이엔피,IT H/W,1.13,0.1194 
52900,KMH하이텍,IT H/W,1.13,0.1194 
78600,대주전자재료,IT H/W,1.13,0.1194 
54450,텔레칩스,IT H/W,1.13,0.1194 
51360,토비스,IT H/W,1.13,0.1194 
72520,제넨바이오,IT H/W,1.13,0.1194 
50090,휘닉스소재,IT H/W,1.13,0.1194 
65770,CS,IT H/W,1.13,0.1194 
78350,한양디지텍,IT H/W,1.13,0.1194 
66900,디에이피,IT H/W,1.13,0.1194 
54340,피앤텔,IT H/W,1.13,0.1194 
69540,라이트론,IT H/W,1.13,0.1194 
54090,삼진엘앤디,IT H/W,1.13,0.1194 
67770,세진티에스,IT H/W,1.13,0.1194 
73570,WI,IT H/W,1.13,0.1194 
65680,우주일렉트로,IT H/W,1.13,0.1194 
57880,토필드,IT H/W,1.13,0.1194 
60570,아이리버,IT H/W,1.13,0.1194 
69330,유아이디,IT H/W,1.13,0.1194 
64760,티씨케이,IT H/W,1.13,0.1194 
52710,아모텍,IT H/W,1.13,0.1194 
47310,파워로직스,IT H/W,1.13,0.1194 
41520,이라이콤,IT H/W,1.13,0.1194 
64240,홈캐스트,IT H/W,1.13,0.1194 
39230,에이아이비트,IT H/W,1.13,0.1194 
38460,바이오스마트,IT H/W,1.13,0.1194 
51370,인터플렉스,IT H/W,1.13,0.1194 
65570,삼영이엔씨,IT H/W,1.13,0.1194 
66970,엘앤에프,IT H/W,1.13,0.1194 
66670,디스플레이텍,IT H/W,1.13,0.1194 
64520,바른전자,IT H/W,1.13,0.1194 
41590,에너전트,IT H/W,1.13,0.1194 
42600,새로닉스,IT H/W,1.13,0.1194 
58610,에스피지,IT H/W,1.13,0.1194 
66110,한프,IT H/W,1.13,0.1194 
60720,KH바텍,IT H/W,1.13,0.1194 
61040,알에프텍,IT H/W,1.13,0.1194 
54210,이랜텍,IT H/W,1.13,0.1194 
43360,디지아이,IT H/W,1.13,0.1194 
39440,에스티아이,IT H/W,1.13,0.1194 
49070,인탑스,IT H/W,1.13,0.1194 
46890,서울반도체,IT H/W,1.13,0.1194 
59090,미코,IT H/W,1.13,0.1194 
54040,한국컴퓨터,IT H/W,1.13,0.1194 
58470,리노공업,IT H/W,1.13,0.1194 
57500,SKC 솔믹스,IT H/W,1.13,0.1194 
56360,코위버,IT H/W,1.13,0.1194 
53610,프로텍,IT H/W,1.13,0.1194 
52330,코텍,IT H/W,1.13,0.1194 
50110,캠시스,IT H/W,1.13,0.1194 
49520,유아이엘,IT H/W,1.13,0.1194 
49120,파인디앤씨,IT H/W,1.13,0.1194 
45660,에이텍,IT H/W,1.13,0.1194 
45300,성우테크론,IT H/W,1.13,0.1194 
43590,크로바하이텍,IT H/W,1.13,0.1194 
43260,성호전자,IT H/W,1.13,0.1194 
39560,다산네트웍스,IT H/W,1.13,0.1194 
39030,이오테크닉스,IT H/W,1.13,0.1194 
39010,현대통신,IT H/W,1.13,0.1194 
38950,파인디지털,IT H/W,1.13,0.1194 
38880,아이에이,IT H/W,1.13,0.1194 
37950,엘컴텍,IT H/W,1.13,0.1194 
37460,삼지전자,IT H/W,1.13,0.1194 
37330,인지디스플레,IT H/W,1.13,0.1194 
36930,주성엔지니어링,IT H/W,1.13,0.1194 
36810,에프에스티,IT H/W,1.13,0.1194 
36690,코맥스,IT H/W,1.13,0.1194 
36540,SFA반도체,IT H/W,1.13,0.1194 
36200,유니셈,IT H/W,1.13,0.1194 
36170,씨티젠,IT H/W,1.13,0.1194 
35460,기산텔레콤,IT H/W,1.13,0.1194 
33790,스카이문스테크놀로지,IT H/W,1.13,0.1194 
33640,네패스,IT H/W,1.13,0.1194 
33200,모아텍,IT H/W,1.13,0.1194 
33160,엠케이전자,IT H/W,1.13,0.1194 
32960,동일기연,IT H/W,1.13,0.1194 
32790,엠젠플러스,IT H/W,1.13,0.1194 
32580,피델릭스,IT H/W,1.13,0.1194 
32500,케이엠더블유,IT H/W,1.13,0.1194 
31980,피에스케이,IT H/W,1.13,0.1194 
29480,바른테크놀로지,IT H/W,1.13,0.1194 
24850,피에스엠씨,IT H/W,1.13,0.1194 
24810,이화전기,IT H/W,1.13,0.1194 
23890,아트라스BX,IT H/W,1.13,0.1194 
15710,코콤,IT H/W,1.13,0.1194 
12340,뉴인텍,IT H/W,1.13,0.1194 
5290,동진쎄미켐,IT H/W,1.13,0.1194 
238200,비피도,음식료·담배,0.75,0.2983 
270870,뉴트리,음식료·담배,0.75,0.2983 
194700,노바렉스,음식료·담배,0.75,0.2983 
277410,인산가,음식료·담배,0.75,0.2983 
16790,현대사료,음식료·담배,0.75,0.2983 
73560,우리손에프앤지,음식료·담배,0.75,0.2983 
218150,미래생명자원,음식료·담배,0.75,0.2983 
66360,체리부로,음식료·담배,0.75,0.2983 
267980,매일유업,음식료·담배,0.75,0.2983 
204990,현성바이탈,음식료·담배,0.75,0.2983 
239610,에이치엘사이언스,음식료·담배,0.75,0.2983 
222980,한국맥널티,음식료·담배,0.75,0.2983 
222040,뉴트리바이오텍,음식료·담배,0.75,0.2983 
189980,흥국에프엔비,음식료·담배,0.75,0.2983 
4650,창해에탄올,음식료·담배,0.75,0.2983 
92040,아미코젠,음식료·담배,0.75,0.2983 
136480,하림,음식료·담배,0.75,0.2983 
7390,네이처셀,음식료·담배,0.75,0.2983 
88910,동우팜투테이블,음식료·담배,0.75,0.2983 
86060,진바이오텍,음식료·담배,0.75,0.2983 
43650,국순당,음식료·담배,0.75,0.2983 
35810,이지바이오,음식료·담배,0.75,0.2983 
27710,팜스토리,음식료·담배,0.75,0.2983 
25880,케이씨피드,음식료·담배,0.75,0.2983 
23900,풍국주정,음식료·담배,0.75,0.2983 
18120,진로발효,음식료·담배,0.75,0.2983 
9780,엠에스씨,음식료·담배,0.75,0.2983 
5860,한일사료,음식료·담배,0.75,0.2983 
5670,푸드웰,음식료·담배,0.75,0.2983 
3310,대주산업,음식료·담배,0.75,0.2983 
2680,한탑,음식료·담배,0.75,0.2983 
110790,크리스에프앤씨,섬유·의류,0.89,0.1209 
204020,엠코르셋,섬유·의류,0.89,0.1209 
267790,배럴,섬유·의류,0.89,0.1209 
83550,케이엠,섬유·의류,0.89,0.1209 
33290,코웰패션,섬유·의류,0.89,0.1209 
130500,GH신소재,섬유·의류,0.89,0.1209 
47770,코데즈컴바인,섬유·의류,0.89,0.1209 
98660,에스티오,섬유·의류,0.89,0.1209 
11080,형지I&C,섬유·의류,0.89,0.1209 
65950,웰크론,섬유·의류,0.89,0.1209 
65060,지엔코,섬유·의류,0.89,0.1209 
33340,좋은사람들,섬유·의류,0.89,0.1209 
32080,아즈텍WB,섬유·의류,0.89,0.1209 
30270,에스마크,섬유·의류,0.89,0.1209 
17680,데코앤이,섬유·의류,0.89,0.1209 
8290,원풍물산,섬유·의류,0.89,0.1209 
25900,동화기업,종이·목재,0.71,0.6155 
78130,국일제지,종이·목재,0.71,0.6155 
45520,크린앤사이언스,종이·목재,0.71,0.6155 
37230,한국팩키지,종이·목재,0.71,0.6155 
23600,삼보판지,종이·목재,0.71,0.6155 
17650,대림제지,종이·목재,0.71,0.6155 
14970,삼륭물산,종이·목재,0.71,0.6155 
6580,대양제지,종이·목재,0.71,0.6155 
1810,무림SP,종이·목재,0.71,0.6155 
99750,이지케어텍,출판·매체복제,0.71,0.6155 
242040,나무기술,출판·매체복제,0.71,0.6155 
197140,디지캡,출판·매체복제,0.71,0.6155 
72870,메가스터디,출판·매체복제,0.71,0.6155 
203650,드림시큐리티,출판·매체복제,0.71,0.6155 
217270,넵튠,출판·매체복제,0.71,0.6155 
230980,솔트웍스,출판·매체복제,0.71,0.6155 
50960,수산아이앤티,출판·매체복제,0.71,0.6155 
214270,퓨쳐스트림네트웍스,출판·매체복제,0.71,0.6155 
208350,지란지교시큐리티,출판·매체복제,0.71,0.6155 
208640,썸에이지,출판·매체복제,0.71,0.6155 
950110,SBI핀테크솔루션즈,출판·매체복제,0.71,0.6155 
35290,더블유에프엠,출판·매체복제,0.71,0.6155 
134060,이퓨쳐,출판·매체복제,0.71,0.6155 
36000,예림당,출판·매체복제,0.71,0.6155 
39670,한류타임즈,출판·매체복제,0.71,0.6155 
53290,NE능률,출판·매체복제,0.71,0.6155 
63440,SM Life Design,출판·매체복제,0.71,0.6155 
33050,제이엠아이,출판·매체복제,0.71,0.6155 
30960,양지사,출판·매체복제,0.71,0.6155 
278280,천보,화학,0.9,0.3500 
110020,전진바이오팜,화학,0.9,0.3500 
263020,디케이앤디,화학,0.9,0.3500 
226340,본느,화학,0.9,0.3500 
225430,케이엠제약,화학,0.9,0.3500 
290380,대유,화학,0.9,0.3500 
950140,잉글우드랩,화학,0.9,0.3500 
51980,중앙리빙테크,화학,0.9,0.3500 
48410,현대바이오,화학,0.9,0.3500 
260930,씨티케이코스메틱스,화학,0.9,0.3500 
220260,켐트로스,화학,0.9,0.3500 
252500,세화피앤씨,화학,0.9,0.3500 
227610,아우딘퓨쳐스,화학,0.9,0.3500 
89010,켐트로닉스,화학,0.9,0.3500 
80530,코디,화학,0.9,0.3500 
251370,와이엠티,화학,0.9,0.3500 
217480,에스디생명공학,화학,0.9,0.3500 
237880,클리오,화학,0.9,0.3500 
241710,코스메카코리아,화학,0.9,0.3500 
60900,퍼시픽바이오,화학,0.9,0.3500 
221610,한솔씨앤피,화학,0.9,0.3500 
221980,케이디켐,화학,0.9,0.3500 
115960,연우,화학,0.9,0.3500 
196700,웹스,화학,0.9,0.3500 
69110,코스온,화학,0.9,0.3500 
65160,에프티이앤이,화학,0.9,0.3500 
16100,리더스코스메틱,화학,0.9,0.3500 
187790,나노,화학,0.9,0.3500 
178920,SKC코오롱PI,화학,0.9,0.3500 
171120,라이온켐텍,화학,0.9,0.3500 
138360,에이씨티,화학,0.9,0.3500 
112240,에스에프씨,화학,0.9,0.3500 
101240,씨큐브,화학,0.9,0.3500 
137950,제이씨케미칼,화학,0.9,0.3500 
123330,제닉,화학,0.9,0.3500 
89980,상아프론테크,화학,0.9,0.3500 
104480,티케이케미칼,화학,0.9,0.3500 
121600,나노신소재,화학,0.9,0.3500 
120240,대정화금,화학,0.9,0.3500 
126600,코프라,화학,0.9,0.3500 
115570,스타플렉스,화학,0.9,0.3500 
114630,우노앤컴퍼니,화학,0.9,0.3500 
102710,이엔에프테크놀로지,화학,0.9,0.3500 
50760,에스폴리텍,화학,0.9,0.3500 
97870,효성오앤비,화학,0.9,0.3500 
92070,디엔에프,화학,0.9,0.3500 
92730,네오팜,화학,0.9,0.3500 
91970,나노캠텍,화학,0.9,0.3500 
83660,CSA 코스믹,화학,0.9,0.3500 
22220,정산애강,화학,0.9,0.3500 
79000,와토스코리아,화학,0.9,0.3500 
36830,솔브레인,화학,0.9,0.3500 
21650,한국큐빅,화학,0.9,0.3500 
65940,바이오빌,화학,0.9,0.3500 
42040,케이피엠테크,화학,0.9,0.3500 
65690,대진디엠피,화학,0.9,0.3500 
49550,잉크테크,화학,0.9,0.3500 
60260,뉴보텍,화학,0.9,0.3500 
35200,프럼파스트,화학,0.9,0.3500 
52260,SK바이오랜드,화학,0.9,0.3500 
48830,엔피케이,화학,0.9,0.3500 
45060,오공,화학,0.9,0.3500 
44480,바이오제네틱스,화학,0.9,0.3500 
41930,동아화성,화학,0.9,0.3500 
36670,KCI,화학,0.9,0.3500 
36640,HRS,화학,0.9,0.3500 
33500,동성화인텍,화학,0.9,0.3500 
27050,코리아나,화학,0.9,0.3500 
17890,한국알콜,화학,0.9,0.3500 
14100,보령메디앙스,화학,0.9,0.3500 
8370,원풍,화학,0.9,0.3500 
7770,한일화학,화학,0.9,0.3500 
228760,지노믹트리,제약,1.09,0.1455 
263050,유틸렉스,제약,1.09,0.1455 
298380,에이비엘바이오,제약,1.09,0.1455 
246710,티앤알바이오팹,제약,1.09,0.1455 
208340,파멥신,제약,1.09,0.1455 
290650,엘앤씨바이오,제약,1.09,0.1455 
153710,옵티팜,제약,1.09,0.1455 
86820,바이오솔루션,제약,1.09,0.1455 
80720,한국유니온제약,제약,1.09,0.1455 
175250,아이큐어,제약,1.09,0.1455 
183490,엔지켐생명과학,제약,1.09,0.1455 
6620,동구바이오제약,제약,1.09,0.1455 
260660,알리코제약,제약,1.09,0.1455 
950160,코오롱티슈진,제약,1.09,0.1455 
174900,앱클론,제약,1.09,0.1455 
217730,강스템바이오텍,제약,1.09,0.1455 
246720,아스타,제약,1.09,0.1455 
2800,신신제약,제약,1.09,0.1455 
241820,피씨엘,제약,1.09,0.1455 
196300,애니젠,제약,1.09,0.1455 
220100,퓨쳐켐,제약,1.09,0.1455 
237690,에스티팜,제약,1.09,0.1455 
243070,휴온스,제약,1.09,0.1455 
222110,팬젠,제약,1.09,0.1455 
65660,안트로젠,제약,1.09,0.1455 
145020,휴젤,제약,1.09,0.1455 
214370,케어젠,제약,1.09,0.1455 
182400,에이티젠,제약,1.09,0.1455 
203690,프로스테믹스,제약,1.09,0.1455 
206640,바디텍메드,제약,1.09,0.1455 
87010,펩트론,제약,1.09,0.1455 
166480,코아스템,제약,1.09,0.1455 
187420,제노포커스,제약,1.09,0.1455 
31390,녹십자셀,제약,1.09,0.1455 
200130,콜마비앤에이치,제약,1.09,0.1455 
200670,휴메딕스,제약,1.09,0.1455 
142280,녹십자엠에스,제약,1.09,0.1455 
200780,비씨월드제약,제약,1.09,0.1455 
191420,테고사이언스,제약,1.09,0.1455 
131030,디에이치피코리아,제약,1.09,0.1455 
950130,엑세스바이오,제약,1.09,0.1455 
66700,테라젠이텍스,제약,1.09,0.1455 
85660,차바이오텍,제약,1.09,0.1455 
138610,나이벡,제약,1.09,0.1455 
48530,인트론바이오,제약,1.09,0.1455 
96530,씨젠,제약,1.09,0.1455 
68760,셀트리온제약,제약,1.09,0.1455 
49180,셀루메드,제약,1.09,0.1455 
53950,경남제약,제약,1.09,0.1455 
114450,KPX생명과학,제약,1.09,0.1455 
42520,한스바이오메드,제약,1.09,0.1455 
67290,JW신약,제약,1.09,0.1455 
102940,코오롱생명과학,제약,1.09,0.1455 
86890,이수앱지스,제약,1.09,0.1455 
86900,메디톡스,제약,1.09,0.1455 
100700,세운메디칼,제약,1.09,0.1455 
18620,우진비앤지,제약,1.09,0.1455 
58820,CMG제약,제약,1.09,0.1455 
59210,메타바이오메드,제약,1.09,0.1455 
36480,대성미생물,제약,1.09,0.1455 
86450,동국제약,제약,1.09,0.1455 
39200,오스코텍,제약,1.09,0.1455 
64550,바이오니아,제약,1.09,0.1455 
78140,대봉엘에스,제약,1.09,0.1455 
78160,메디포스트,제약,1.09,0.1455 
41910,에스텍파마,제약,1.09,0.1455 
72020,중앙백신,제약,1.09,0.1455 
67080,대화제약,제약,1.09,0.1455 
49960,쎌바이오텍,제약,1.09,0.1455 
61250,화일약품,제약,1.09,0.1455 
54670,대한뉴팜,제약,1.09,0.1455 
52670,제일바이오,제약,1.09,0.1455 
53030,바이넥스,제약,1.09,0.1455 
41960,코미팜,제약,1.09,0.1455 
34940,조아제약,제약,1.09,0.1455 
23910,대한약품,제약,1.09,0.1455 
18680,서울제약,제약,1.09,0.1455 
14570,고려제약,제약,1.09,0.1455 
12790,신일제약,제약,1.09,0.1455 
11040,경동제약,제약,1.09,0.1455 
9300,삼아제약,제약,1.09,0.1455 
7370,진양제약,제약,1.09,0.1455 
1540,안국약품,제약,1.09,0.1455 
250,삼천당제약,제약,1.09,0.1455 
89140,넥스턴,비금속,0.76,0.3532 
255220,SG,비금속,0.76,0.3532 
198440,고려시멘트,비금속,0.76,0.3532 
28040,미래SCI,비금속,0.76,0.3532 
238090,앤디포스,비금속,0.76,0.3532 
222420,쎄노텍,비금속,0.76,0.3532 
228340,동양파일,비금속,0.76,0.3532 
38500,삼표시멘트,비금속,0.76,0.3532 
79650,서산,비금속,0.76,0.3532 
75970,동국알앤에스,비금속,0.76,0.3532 
74600,원익QnC,비금속,0.76,0.3532 
23410,유진기업,비금속,0.76,0.3532 
8800,스튜디오썸머,비금속,0.76,0.3532 
6920,모헨즈,비금속,0.76,0.3532 
6050,국영지앤엠,비금속,0.76,0.3532 
3670,포스코케미칼,비금속,0.76,0.3532 
263770,유에스티,금속,1.12,0.4290 
258610,이더블유케이,금속,1.12,0.4290 
49830,승일,금속,1.12,0.4290 
109610,에스와이패널,금속,1.12,0.4290 
60480,국일신동,금속,1.12,0.4290 
140520,대창스틸,금속,1.12,0.4290 
90410,덕신하우징,금속,1.12,0.4290 
192390,윈하이텍,금속,1.12,0.4290 
96350,대창솔루션,금속,1.12,0.4290 
18310,삼목에스폼,금속,1.12,0.4290 
6910,보성파워텍,금속,1.12,0.4290 
147830,제룡산업,금속,1.12,0.4290 
138070,신진에스엠,금속,1.12,0.4290 
8470,부스타,금속,1.12,0.4290 
128660,피제이메탈,금속,1.12,0.4290 
122800,썬텍,금속,1.12,0.4290 
69140,누리플랜,금속,1.12,0.4290 
119500,포메탈,금속,1.12,0.4290 
114190,웰크론강원,금속,1.12,0.4290 
100130,동국S&C,금속,1.12,0.4290 
109860,동일금속,금속,1.12,0.4290 
24840,갑을메탈,금속,1.12,0.4290 
81150,티플랙스,금속,1.12,0.4290 
100090,삼강엠앤티,금속,1.12,0.4290 
101670,코리아에스이,금속,1.12,0.4290 
33310,디케이디앤아이,금속,1.12,0.4290 
93380,풍강,금속,1.12,0.4290 
79170,한창산업,금속,1.12,0.4290 
73640,삼원테크,금속,1.12,0.4290 
65620,제낙스,금속,1.12,0.4290 
5160,동국산업,금속,1.12,0.4290 
54410,케이피티유,금속,1.12,0.4290 
53660,현진소재,금속,1.12,0.4290 
60380,동양에스텍,금속,1.12,0.4290 
48470,대동스틸,금속,1.12,0.4290 
53260,금강철강,금속,1.12,0.4290 
54540,삼영엠텍,금속,1.12,0.4290 
53620,태양,금속,1.12,0.4290 
44490,태웅,금속,1.12,0.4290 
39240,경남스틸,금속,1.12,0.4290 
38010,제일테크노스,금속,1.12,0.4290 
37760,쎄니트,금속,1.12,0.4290 
26910,광진실업,금속,1.12,0.4290 
25550,한국선재,금속,1.12,0.4290 
24940,PN풍년,금속,1.12,0.4290 
24880,케이피에프,금속,1.12,0.4290 
23790,동일철강,금속,1.12,0.4290 
23440,제일제강,금속,1.12,0.4290 
23160,태광,금속,1.12,0.4290 
21045,대호피앤씨우,금속,1.12,0.4290 
21040,대호피앤씨,금속,1.12,0.4290 
20400,대동금속,금속,1.12,0.4290 
19210,와이지-원,금속,1.12,0.4290 
17510,세명전기,금속,1.12,0.4290 
17480,삼현철강,금속,1.12,0.4290 
14620,성광벤드,금속,1.12,0.4290 
13030,하이록코리아,금속,1.12,0.4290 
12620,원일특강,금속,1.12,0.4290 
9730,코센,금속,1.12,0.4290 
9620,삼보산업,금속,1.12,0.4290 
9520,포스코엠텍,금속,1.12,0.4290 
7530,영신금속,금속,1.12,0.4290 
4780,대륙제관,금속,1.12,0.4290 
302430,이노메트리,기계·장비,1.02,0.2429 
117730,티로보틱스,기계·장비,1.02,0.2429 
227950,마이크로텍,기계·장비,1.02,0.2429 
290670,대보마그네틱,기계·장비,1.02,0.2429 
290740,액트로,기계·장비,1.02,0.2429 
89970,에이피티씨,기계·장비,1.02,0.2429 
226440,한송네오텍,기계·장비,1.02,0.2429 
217500,러셀,기계·장비,1.02,0.2429 
33430,디에스티,기계·장비,1.02,0.2429 
64510,에코마이스터,기계·장비,1.02,0.2429 
148140,비디아이,기계·장비,1.02,0.2429 
259630,엠플러스,기계·장비,1.02,0.2429 
60310,3S,기계·장비,1.02,0.2429 
251630,브이원텍,기계·장비,1.02,0.2429 
43290,케이맥,기계·장비,1.02,0.2429 
83500,에프엔에스테크,기계·장비,1.02,0.2429 
222080,씨아이에스,기계·장비,1.02,0.2429 
144960,뉴파워프라즈마,기계·장비,1.02,0.2429 
217820,엔에스,기계·장비,1.02,0.2429 
160600,에스엔텍,기계·장비,1.02,0.2429 
53590,한국테크놀로지,기계·장비,1.02,0.2429 
195990,유지인트,기계·장비,1.02,0.2429 
196490,디에이테크놀로지,기계·장비,1.02,0.2429 
123840,한일진공,기계·장비,1.02,0.2429 
158310,인터불스,기계·장비,1.02,0.2429 
141070,맥스로텍,기계·장비,1.02,0.2429 
137400,피엔티,기계·장비,1.02,0.2429 
101000,디엠씨,기계·장비,1.02,0.2429 
56080,유진로봇,기계·장비,1.02,0.2429 
36090,위지트,기계·장비,1.02,0.2429 
18000,유니슨,기계·장비,1.02,0.2429 
126870,뉴로스,기계·장비,1.02,0.2429 
100660,서암기계공업,기계·장비,1.02,0.2429 
136510,쎄미시스코,기계·장비,1.02,0.2429 
7820,에스엠코어,기계·장비,1.02,0.2429 
90360,로보스타,기계·장비,1.02,0.2429 
99440,스맥,기계·장비,1.02,0.2429 
19770,서연탑메탈,기계·장비,1.02,0.2429 
126880,제이엔케이히터,기계·장비,1.02,0.2429 
105740,디케이락,기계·장비,1.02,0.2429 
50860,아세아텍,기계·장비,1.02,0.2429 
104460,동양피엔에프,기계·장비,1.02,0.2429 
109740,디에스케이,기계·장비,1.02,0.2429 
108230,톱텍,기계·장비,1.02,0.2429 
103230,에스앤더블류,기계·장비,1.02,0.2429 
101680,한국정밀기계,기계·장비,1.02,0.2429 
10240,흥국,기계·장비,1.02,0.2429 
101170,우림기계,기계·장비,1.02,0.2429 
71670,에이테크솔루션,기계·장비,1.02,0.2429 
98460,고영,기계·장비,1.02,0.2429 
68330,일신바이오,기계·장비,1.02,0.2429 
86670,비엠티,기계·장비,1.02,0.2429 
95190,이엠코리아,기계·장비,1.02,0.2429 
88130,동아엘텍,기계·장비,1.02,0.2429 
90710,디에스티로봇,기계·장비,1.02,0.2429 
86250,화신테크,기계·장비,1.02,0.2429 
54950,제이브이엠,기계·장비,1.02,0.2429 
79370,제우스,기계·장비,1.02,0.2429 
19990,에너토크,기계·장비,1.02,0.2429 
84180,수성,기계·장비,1.02,0.2429 
83650,비에이치아이,기계·장비,1.02,0.2429 
83930,아바코,기계·장비,1.02,0.2429 
82270,젬백스,기계·장비,1.02,0.2429 
79950,인베니아,기계·장비,1.02,0.2429 
79810,디이엔티,기계·장비,1.02,0.2429 
80000,에스엔유,기계·장비,1.02,0.2429 
49950,미래컴퍼니,기계·장비,1.02,0.2429 
73010,케이에스피,기계·장비,1.02,0.2429 
78150,HB테크놀러지,기계·장비,1.02,0.2429 
68790,DMS,기계·장비,1.02,0.2429 
41440,에버다임,기계·장비,1.02,0.2429 
65130,탑엔지니어링,기계·장비,1.02,0.2429 
54300,팬스타엔터프라이즈,기계·장비,1.02,0.2429 
56190,에스에프에이,기계·장비,1.02,0.2429 
51490,나라엠앤디,기계·장비,1.02,0.2429 
48770,TPC,기계·장비,1.02,0.2429 
44780,에이치케이,기계·장비,1.02,0.2429 
44060,조광ILI,기계·장비,1.02,0.2429 
43340,에쎈테크,기계·장비,1.02,0.2429 
39610,화성밸브,기계·장비,1.02,0.2429 
36890,진성티이씨,기계·장비,1.02,0.2429 
36560,영풍정밀,기계·장비,1.02,0.2429 
33540,파라텍,기계·장비,1.02,0.2429 
13810,스페코,기계·장비,1.02,0.2429 
8830,대동기어,기계·장비,1.02,0.2429 
247540,에코프로비엠,일반전기전자,1.05,0.3500 
100590,머큐리,일반전기전자,1.05,0.3500 
77360,덕산하이메탈,일반전기전자,1.05,0.3500 
230240,에치에프알,일반전기전자,1.05,0.3500 
227100,디자인,일반전기전자,1.05,0.3500 
288620,에스퓨얼셀,일반전기전자,1.05,0.3500 
37030,파워넷,일반전기전자,1.05,0.3500 
105330,케이엔더블유,일반전기전자,1.05,0.3500 
45390,대아티아이,일반전기전자,1.05,0.3500 
263810,상신전자,일반전기전자,1.05,0.3500 
218410,RFHIC,일반전기전자,1.05,0.3500 
263600,덕우전자,일반전기전자,1.05,0.3500 
203450,유니온커뮤니티,일반전기전자,1.05,0.3500 
189300,인텔리안테크,일반전기전자,1.05,0.3500 
234920,자이글,일반전기전자,1.05,0.3500 
71460,대유위니아,일반전기전자,1.05,0.3500 
237750,피앤씨테크,일반전기전자,1.05,0.3500 
36010,아비코전자,일반전기전자,1.05,0.3500 
236200,슈프리마,일반전기전자,1.05,0.3500 
225650,쿠첸,일반전기전자,1.05,0.3500 
214430,아이쓰리시스템,일반전기전자,1.05,0.3500 
105550,트루윈,일반전기전자,1.05,0.3500 
82850,우리이티아이,일반전기전자,1.05,0.3500 
189860,서전기전,일반전기전자,1.05,0.3500 
177830,파버나인,일반전기전자,1.05,0.3500 
10170,대한광통신,일반전기전자,1.05,0.3500 
119850,지엔씨에너지,일반전기전자,1.05,0.3500 
44340,위닉스,일반전기전자,1.05,0.3500 
131390,피앤이솔루션,일반전기전자,1.05,0.3500 
111870,삼본정밀전자,일반전기전자,1.05,0.3500 
45890,GV,일반전기전자,1.05,0.3500 
66130,하츠,일반전기전자,1.05,0.3500 
65350,신성델타테크,일반전기전자,1.05,0.3500 
42110,에스씨디,일반전기전자,1.05,0.3500 
37070,파세코,일반전기전자,1.05,0.3500 
71280,로체시스템즈,일반전기전자,1.05,0.3500 
69510,에스텍,일반전기전자,1.05,0.3500 
65710,서호전기,일반전기전자,1.05,0.3500 
18290,지엠피,일반전기전자,1.05,0.3500 
54220,비츠로시스,일반전기전자,1.05,0.3500 
53160,프리엠스,일반전기전자,1.05,0.3500 
48430,유라테크,일반전기전자,1.05,0.3500 
37400,우리조명,일반전기전자,1.05,0.3500 
32820,우리기술,일반전기전자,1.05,0.3500 
32750,삼진,일반전기전자,1.05,0.3500 
32540,TJ미디어,일반전기전자,1.05,0.3500 
25440,대성엘텍,일반전기전자,1.05,0.3500 
17250,인터엠,일반전기전자,1.05,0.3500 
179290,엠아이텍,의료·정밀기기,1.09,0.1455 
290660,네오펙트,의료·정밀기기,1.09,0.1455 
263690,디알젬,의료·정밀기기,1.09,0.1455 
219750,지티지웰니스,의료·정밀기기,1.09,0.1455 
258830,세종메디칼,의료·정밀기기,1.09,0.1455 
122310,제노레이,의료·정밀기기,1.09,0.1455 
48870,시너지이노베이션,의료·정밀기기,1.09,0.1455 
215090,한컴유니맥스,의료·정밀기기,1.09,0.1455 
226400,오스테오닉,의료·정밀기기,1.09,0.1455 
214150,클래시스,의료·정밀기기,1.09,0.1455 
269620,시스웍,의료·정밀기기,1.09,0.1455 
181340,이즈미디어,의료·정밀기기,1.09,0.1455 
225190,삼양옵틱스,의료·정밀기기,1.09,0.1455 
08537M,루트로닉3우C,의료·정밀기기,1.09,0.1455 
147760,마이크로프랜드,의료·정밀기기,1.09,0.1455 
214680,디알텍,의료·정밀기기,1.09,0.1455 
156100,엘앤케이바이오,의료·정밀기기,1.09,0.1455 
238120,로고스바이오,의료·정밀기기,1.09,0.1455 
208370,셀바스헬스케어,의료·정밀기기,1.09,0.1455 
228850,레이언스,의료·정밀기기,1.09,0.1455 
140860,파크시스템스,의료·정밀기기,1.09,0.1455 
58110,멕아이씨에스,의료·정밀기기,1.09,0.1455 
56090,유앤아이,의료·정밀기기,1.09,0.1455 
149980,하이로닉,의료·정밀기기,1.09,0.1455 
41920,메디아나,의료·정밀기기,1.09,0.1455 
196450,텔루스,의료·정밀기기,1.09,0.1455 
150840,인트로메딕,의료·정밀기기,1.09,0.1455 
46210,파나진,의료·정밀기기,1.09,0.1455 
104540,코렌텍,의료·정밀기기,1.09,0.1455 
99190,아이센스,의료·정밀기기,1.09,0.1455 
106520,디지탈옵틱,의료·정밀기기,1.09,0.1455 
2230,피에스텍,의료·정밀기기,1.09,0.1455 
126700,하이비젼시스템,의료·정밀기기,1.09,0.1455 
115480,씨유메디칼,의료·정밀기기,1.09,0.1455 
137940,넥스트아이,의료·정밀기기,1.09,0.1455 
78650,코렌,의료·정밀기기,1.09,0.1455 
119610,인터로조,의료·정밀기기,1.09,0.1455 
100120,뷰웍스,의료·정밀기기,1.09,0.1455 
39860,나노엔텍,의료·정밀기기,1.09,0.1455 
39840,디오,의료·정밀기기,1.09,0.1455 
57540,옴니시스템,의료·정밀기기,1.09,0.1455 
48260,오스템임플란트,의료·정밀기기,1.09,0.1455 
43150,바텍,의료·정밀기기,1.09,0.1455 
85370,루트로닉,의료·정밀기기,1.09,0.1455 
6140,피제이전자,의료·정밀기기,1.09,0.1455 
65510,휴비츠,의료·정밀기기,1.09,0.1455 
65450,빅텍,의료·정밀기기,1.09,0.1455 
53450,세코닉스,의료·정밀기기,1.09,0.1455 
49430,코메론,의료·정밀기기,1.09,0.1455 
43100,솔고바이오,의료·정밀기기,1.09,0.1455 
41830,인바디,의료·정밀기기,1.09,0.1455 
33110,이디,의료·정밀기기,1.09,0.1455 
290120,대유에이피,운송장비·부품,1.01,0.3515 
128540,에코캡,운송장비·부품,1.01,0.3515 
67170,오텍,운송장비·부품,1.01,0.3515 
265560,영화테크,운송장비·부품,1.01,0.3515 
234100,세원,운송장비·부품,1.01,0.3515 
263540,샘코,운송장비·부품,1.01,0.3515 
118990,모트렉스,운송장비·부품,1.01,0.3515 
241690,유니테크노,운송장비·부품,1.01,0.3515 
85910,네오티스,운송장비·부품,1.01,0.3515 
40610,SG&G,운송장비·부품,1.01,0.3515 
13310,아진산업,운송장비·부품,1.01,0.3515 
221840,하이즈항공,운송장비·부품,1.01,0.3515 
212560,네오오토,운송장비·부품,1.01,0.3515 
215360,우리산업,운송장비·부품,1.01,0.3515 
28300,에이치엘비,운송장비·부품,1.01,0.3515 
67390,아스트,운송장비·부품,1.01,0.3515 
71850,캐스텍코리아,운송장비·부품,1.01,0.3515 
170030,현대공업,운송장비·부품,1.01,0.3515 
67570,엔브이에이치코리아,운송장비·부품,1.01,0.3515 
113810,디젠스,운송장비·부품,1.01,0.3515 
80440,에스제이케이,운송장비·부품,1.01,0.3515 
122690,서진오토모티브,운송장비·부품,1.01,0.3515 
122350,삼기오토모티브,운송장비·부품,1.01,0.3515 
123410,코리아에프티,운송장비·부품,1.01,0.3515 
123750,알톤스포츠,운송장비·부품,1.01,0.3515 
126640,화신정공,운송장비·부품,1.01,0.3515 
134780,화진,운송장비·부품,1.01,0.3515 
108380,대양전기공업,운송장비·부품,1.01,0.3515 
104040,대성파인텍,운송장비·부품,1.01,0.3515 
54180,중앙오션,운송장비·부품,1.01,0.3515 
53700,삼보모터스,운송장비·부품,1.01,0.3515 
130740,티피씨글로벌,운송장비·부품,1.01,0.3515 
101930,인화정공,운송장비·부품,1.01,0.3515 
123040,엠에스오토텍,운송장비·부품,1.01,0.3515 
88290,이원컴포텍,운송장비·부품,1.01,0.3515 
99410,동방선기,운송장비·부품,1.01,0.3515 
102210,해덕파워웨이,운송장비·부품,1.01,0.3515 
64820,케이프,운송장비·부품,1.01,0.3515 
92460,한라IMS,운송장비·부품,1.01,0.3515 
33600,에이코넬,운송장비·부품,1.01,0.3515 
80470,성창오토텍,운송장비·부품,1.01,0.3515 
90150,광진윈텍,운송장비·부품,1.01,0.3515 
78590,두올산업,운송장비·부품,1.01,0.3515 
73070,에스모,운송장비·부품,1.01,0.3515 
66590,우수AMS,운송장비·부품,1.01,0.3515 
65500,오리엔트정공,운송장비·부품,1.01,0.3515 
53270,구영테크,운송장비·부품,1.01,0.3515 
53060,세동,운송장비·부품,1.01,0.3515 
46070,코다코,운송장비·부품,1.01,0.3515 
43370,평화정공,운송장비·부품,1.01,0.3515 
38110,에코플라스틱,운송장비·부품,1.01,0.3515 
31510,오스템,운송장비·부품,1.01,0.3515 
24910,경창산업,운송장비·부품,1.01,0.3515 
24830,세원물산,운송장비·부품,1.01,0.3515 
24740,한일단조,운송장비·부품,1.01,0.3515 
24120,KB오토시스,운송장비·부품,1.01,0.3515 
19540,일지테크,운송장비·부품,1.01,0.3515 
15750,성우하이텍,운송장비·부품,1.01,0.3515 
14940,오리엔탈정공,운송장비·부품,1.01,0.3515 
14200,광림,운송장비·부품,1.01,0.3515 
13720,청보산업,운송장비·부품,1.01,0.3515 
12860,서연전자,운송장비·부품,1.01,0.3515 
11320,유니크,운송장비·부품,1.01,0.3515 
5710,대원산업,운송장비·부품,1.01,0.3515 
285490,노바텍,기타 제조,0.69,0.8042 
54630,에이디칩스,기타 제조,0.69,0.8042 
27040,서울전자통신,기타 제조,0.69,0.8042 
263920,에스엔피월드,기타 제조,0.69,0.8042 
26040,제이에스티나,기타 제조,0.69,0.8042 
66910,손오공,기타 제조,0.69,0.8042 
73190,듀오백,기타 제조,0.69,0.8042 
3800,에이스침대,기타 제조,0.69,0.8042 
